street,city,state,ZIP,weekly_hours,latitude,longitude,listed_telephone,official_url,checked
9207 Highway 119,Alabaster,AL,35007,"Mo,Tu,We,Th,Su 05:30-22:00 | Fr,Sa 05:30-23:00",33.213687,-86.82793199999999,+14793589274,https://locations.7brew.com/al/alabaster/9207-highway-119,2026-09-09
15383 Flinders Ln,Athens,AL,35613,"Mo,Tu,We,Th,Su 05:30-22:00 | Fr,Sa 05:30-23:00",,,+14793589274,https://locations.7brew.com/al/athens/15383-flinders-ln,2026-09-09
1615 East University Drive,Auburn,AL,36830,"Mo,Tu,We,Th,Su 05:30-22:00 | Fr,Sa 05:30-23:00",32.610056,-85.44821920000001,+13347527621,https://locations.7brew.com/al/auburn/1615-east-university-drive,2026-09-09
131 McMeans Ave,Bay Minette,AL,36507,"Mo,Tu,We,Th,Su 05:30-22:00 | Fr,Sa 05:30-23:00",30.8789833,-87.7845572,+12514944010,https://locations.7brew.com/al/bay-minette/131-mcmeans-ave,2026-09-09
1353 Montclair Road,Birmingham,AL,35210,"Mo,Tu,We,Th,Su 05:30-22:00 | Fr,Sa 05:30-23:00",33.5222832,-86.7287024,+14793589274,https://locations.7brew.com/al/birmingham/1353-montclair-road,2026-09-09
7015 Meadowlark Drive,Birmingham,AL,35242,"Mo,Tu,We,Th,Su 05:30-22:00 | Fr,Sa 05:30-23:00",33.420546,-86.67841039999999,+14793589274,https://locations.7brew.com/al/birmingham/7015-meadowlark-drive,2026-09-09
5065 US-31,Calera,AL,35040,"Mo,Tu,We,Th,Su 05:30-22:00 | Fr,Sa 05:30-23:00",33.1487787,-86.7489189,+14793589274,https://locations.7brew.com/al/calera/5065-us-31,2026-09-09
9 Stanley Drive,Chelsea,AL,35043,"Mo,Tu,We,Th,Su 05:30-22:00 | Fr,Sa 05:30-23:00",33.3491105,-86.6305117,+14793589274,https://locations.7brew.com/al/chelsea/9-stanley-drive,2026-09-09
1715 Cherokee Avenue Southwest,Cullman,AL,35055,"Mo,Tu,We,Th,Su 05:30-22:00 | Fr,Sa 05:30-23:00",34.1561915,-86.8393654,+14793589274,https://locations.7brew.com/al/cullman/1715-cherokee-avenue-southwest,2026-09-09
10024 Papa George St,Daphne,AL,36526,"Mo,Tu,We,Th,Su 05:30-22:00 | Fr,Sa 05:30-23:00",30.6593825,-87.85158280000002,+14793589274,https://locations.7brew.com/al/daphne/10024-papa-george-st,2026-09-09
1102 6th Ave SE,Decatur,AL,35601,"Mo,Tu,We,Th 05:00-22:00 | Fr 05:00-23:00 | Sa 05:30-23:00 | Su 05:30-22:00",34.5910425,-86.9799512,+14793589274,https://locations.7brew.com/al/decatur/1102-6th-ave-se,2026-09-09
928 Beltline Rd,Decatur,AL,35601,"Mo,Tu,We,Th,Su 05:30-22:00 | Fr,Sa 05:30-23:00",34.5610377,-87.0043762,+12569730369,https://locations.7brew.com/al/decatur/928-beltline-rd,2026-09-09
1051 Ross Clark Circle,Dothan,AL,36303,"Mo,Tu,We,Th,Su 05:30-22:00 | Fr,Sa 05:30-23:00",31.2186769,-85.3601077,+14793589274,https://locations.7brew.com/al/dothan/1051-ross-clark-circle,2026-09-09
3488 Ross Clark Circle,Dothan,AL,36303,"Mo,Tu,We,Th,Su 05:30-22:00 | Fr,Sa 05:30-23:00",31.2466357,-85.4263737,+14793589274,https://locations.7brew.com/al/dothan/3488-ross-clark-circle,2026-09-09
705 Boll Weevil Circle,Enterprise,AL,36330,"Mo,Tu,We,Th,Su 05:30-22:00 | Fr,Sa 05:30-23:00",31.324307,-85.833586,+14793589274,https://locations.7brew.com/al/enterprise/705-boll-weevil-circle,2026-09-09
344 Cox Creek Pkwy,Florence,AL,35630,"Mo,Tu,We,Th,Su 05:30-22:00 | Fr,Sa 05:30-23:00",34.8380471,-87.6322498,+14793589274,https://locations.7brew.com/al/florence/344-cox-creek-pkwy,2026-09-09
3201 S McKenzie St,Foley,AL,36535,"Mo,Tu,We,Th,Su 05:30-22:00 | Fr,Sa 05:30-23:00",30.3664536,-87.6823592,+14793589274,https://locations.7brew.com/al/foley/3201-s-mckenzie-st,2026-09-09
1504 Main Street,Fultondale,AL,35068,"Mo,Tu,We,Th,Su 05:30-22:00 | Fr,Sa 05:30-23:00",33.6082449,-86.80066699999999,+14793589274,https://locations.7brew.com/al/fultondale/1504-main-street,2026-09-09
202 East Meighan Boulevard,Gadsden,AL,35903,"Mo,Tu,We,Th,Su 05:30-22:00 | Fr,Sa 05:30-23:00",34.0109039,-85.9899052,+14793589274,https://locations.7brew.com/al/gadsden/202-east-meighan-boulevard,2026-09-09
2633 Helena Road,Helena,AL,35080,"Mo,Tu,We,Th,Su 05:30-22:00 | Fr,Sa 05:30-23:00",33.2844179,-86.85225179999999,+14793589274,https://locations.7brew.com/al/helena/2633-helena-road,2026-09-09
215 Lakeshore Pkwy,Homewood,AL,35209,"Mo,Tu,We,Th,Su 05:30-22:00 | Fr,Sa 05:30-23:00",33.4463076,-86.82435799999999,+14793589274,https://locations.7brew.com/al/homewood/215-lakeshore-pkwy,2026-09-09
11784 Memorial Parkway Southwest,Huntsville,AL,35803,"Mo,Tu,We,Th,Su 05:30-22:00 | Fr,Sa 05:30-23:00",34.6153789,-86.5684551,+14793589274,https://locations.7brew.com/al/huntsville/11784-memorial-parkway-southwest,2026-09-09
4709 University Dr,Huntsville,AL,35816-3407,"Mo,Tu,We,Th,Su 05:00-22:00 | Fr,Sa 05:00-23:00",34.735303,-86.64838,+19388674517,https://locations.7brew.com/al/huntsville/4709-university-dr,2026-09-09
701 Pelham Rd S,Jacksonville,AL,36265,"Mo,Tu,We,Th,Su 05:30-22:00 | Fr,Sa 05:30-23:00",33.808128,-85.761722,+12569134738,https://locations.7brew.com/al/jacksonville/701-pelham-rd-s,2026-09-09
101 Uptown Drive,Madison,AL,35758,"Mo,Tu,We,Th,Su 05:30-22:00 | Fr,Sa 05:30-23:00",34.753659,-86.7451852,+14793589274,https://locations.7brew.com/al/madison/101-uptown-drive,2026-09-09
42 Kelley Boulevard,Millbrook,AL,36054,"Mo,Tu,We,Th,Su 05:30-22:00 | Fr,Sa 05:30-23:00",32.4950232,-86.4012696,+14793589274,https://locations.7brew.com/al/millbrook/42-kelley-boulevard,2026-09-09
3220 Airport Blvd,Mobile,AL,36606,"Mo,Tu,We,Th,Su 05:30-22:00 | Fr,Sa 05:30-23:00",30.6768316,-88.1206492,+14793589274,https://locations.7brew.com/al/mobile/3220-airport-blvd,2026-09-09
2777 Zelda Road,Montgomery,AL,36106,"Mo,Tu,We,Th,Su 05:30-22:00 | Fr,Sa 05:30-23:00",32.362304,-86.2655753,+14793589274,https://locations.7brew.com/al/montgomery/2777-zelda-road,2026-09-09
7913 Vaughn Road,Montgomery,AL,36116,"Mo,Tu,We,Th,Su 05:30-22:00 | Fr,Sa 05:30-23:00",32.3388301,-86.17781649999999,+14793589274,https://locations.7brew.com/al/montgomery/7913-vaughn-road,2026-09-09
2206 Moody Pkwy,Moody,AL,35004,"Mo,Tu,We,Th,Su 05:30-22:00 | Fr,Sa 05:30-23:00",33.572724,-86.518181,+16592590015,https://locations.7brew.com/al/moody/2206-moody-pkwy,2026-09-09
2212 Frederick Road,Opelika,AL,36801,"Mo,Tu,We,Th,Su 05:30-22:00 | Fr,Sa 05:30-23:00",32.622573,-85.4092897,+14793589274,https://locations.7brew.com/al/opelika/2212-frederick-road,2026-09-09
6486 Hwy 431 S,Owens Cross Roads,AL,35763,"Mo,Tu,We,Th,Su 05:30-22:00 | Fr,Sa 05:30-23:00",34.6643904,-86.4873369,+14793589274,https://locations.7brew.com/al/owens-cross-roads/6486-hwy-431-s,2026-09-09
1271 U.S. 231,Troy,AL,36081,"Mo,Tu,We,Th,Su 05:30-22:00 | Fr,Sa 05:30-23:00",31.7807416,-85.9472525,+14793589274,https://locations.7brew.com/al/troy/1271-u.s.-231,2026-09-09
5982 Chalkville Mountain Rd,Trussville,AL,35235,"Mo,Tu,We,Th,Su 05:30-22:00 | Fr,Sa 05:30-23:00",33.6413842,-86.6235361,+14793589274,https://locations.7brew.com/al/trussville/5982-chalkville-mountain-rd,2026-09-09
1404 Skyland East Boulevard,Tuscaloosa,AL,35405,"Mo,Tu,We,Th,Su 05:30-22:00 | Fr,Sa 05:30-23:00",33.1658917,-87.5201133,+14793589274,https://locations.7brew.com/al/tuscaloosa/1404-skyland-east-boulevard,2026-09-09
406 15th St E,Tuscaloosa,AL,35401,"Mo,Tu,We,Th,Su 05:30-22:00 | Fr,Sa 05:30-23:00",33.197912,-87.5309327,+14793589274,https://locations.7brew.com/al/tuscaloosa/406-15th-st-e,2026-09-09
212 W Ft Toulouse Rd,Wetumpka,AL,36092,"Mo,Tu,We,Th,Su 05:30-22:00 | Fr,Sa 05:30-23:00",32.51254840000001,-86.2146523,+14793589274,https://locations.7brew.com/al/wetumpka/212-w-ft-toulouse-rd,2026-09-09
770 S St Louis St,Batesville,AR,72501,"Mo,Tu,We,Th,Su 05:30-22:00 | Fr,Sa 05:30-23:00",35.771845,-91.641394,+14793589274,https://locations.7brew.com/ar/batesville/770-s-st-louis-st,2026-09-09
2100 West Center Street,Beebe,AR,72012,"Mo,Tu,We,Th,Su 05:30-22:00 | Fr,Sa 05:30-23:00",35.0686145,-91.9102711,+14793589274,https://locations.7brew.com/ar/beebe/2100-west-center-street,2026-09-09
1415 Military Road,Benton,AR,72015,"Mo,Tu,We,Th,Su 05:30-22:00 | Fr,Sa 05:30-23:00",34.577511,-92.575661,+14793589274,https://locations.7brew.com/ar/benton/1415-military-road,2026-09-09
2500 East Central Avenue,Bentonville,AR,72712,"Mo,Tu,We,Th,Su 05:30-22:00 | Fr,Sa 05:30-23:00",36.370611,-94.182834,+14794482067,https://locations.7brew.com/ar/bentonville/2500-east-central-avenue,2026-09-09
2903 SW 14th St,Bentonville,AR,72712-3994,"Mo,Tu,We,Th,Su 05:30-22:00 | Fr,Sa 05:30-23:00",36.357154,-94.244161,+14794482068,https://locations.7brew.com/ar/bentonville/2903-sw-14th-st,2026-09-09
411 SE Walton Blvd,Bentonville,AR,72712,"Mo,Tu,We,Th,Su 05:30-22:00 | Fr,Sa 05:30-23:00",36.335748,-94.20514,+14793589274,https://locations.7brew.com/ar/bentonville/411-se-walton-blvd,2026-09-09
2006 N Reynolds Rd,Bryant,AR,72022,"Mo,Tu,We,Th,Su 05:30-22:00 | Fr,Sa 05:30-23:00",34.613123,-92.496982,+14793589274,https://locations.7brew.com/ar/bryant/2006-n-reynolds-rd,2026-09-09
918 W Main St,Cabot,AR,72023,"Mo,Tu,We,Th,Su 05:30-22:00 | Fr,Sa 05:30-23:00",34.9764953,-92.0251355,+15014246637,https://locations.7brew.com/ar/cabot/918-w-main-st,2026-09-09
1005 U.S. 64,Conway,AR,72032,"Mo,Tu,We,Th,Su 05:30-22:00 | Fr,Sa 05:30-23:00",35.0908226,-92.41635529999999,+14793589274,https://locations.7brew.com/ar/conway/1005-u.s.-64,2026-09-09
1135 Skyline Dr,Conway,AR,72032-2857,"Mo,Tu,We,Th,Su 05:30-22:00 | Fr,Sa 05:30-23:00",35.1095694,-92.4399948,+15017649139,https://locations.7brew.com/ar/conway/1135-skyline-dr,2026-09-09
900 Exchange Ave,Conway,AR,72032,"Mo,Tu,We,Th,Su 05:30-22:00 | Fr,Sa 05:30-23:00",35.066119,-92.421104,+15017649692,https://locations.7brew.com/ar/conway/900-exchange-ave,2026-09-09
2100 North West Avenue,El Dorado,AR,71730,"Mo,Tu,We,Th,Su 05:30-22:00 | Fr,Sa 05:30-23:00",33.232745,-92.6659733,+14793589274,https://locations.7brew.com/ar/el-dorado/2100-north-west-avenue,2026-09-09
7 West Main Street,Farmington,AR,72730,"Mo,Tu,We,Th,Su 05:30-22:00 | Fr,Sa 05:30-23:00",36.0416542,-94.2409881,+14793589274,https://locations.7brew.com/ar/farmington/7-west-main-street,2026-09-09
1195 W. Martin Luther King Blvd.,Fayetteville,AR,72701,"Mo,Tu,We,Th,Su 05:30-22:00 | Fr,Sa 05:30-23:00",36.056345,-94.1777592,+14793963184,https://locations.7brew.com/ar/fayetteville/1195-w.-martin-luther-king-blvd.,2026-09-09
3322 North College Ave,Fayetteville,AR,72703,"Mo,Tu,We,Th,Su 05:30-22:00 | Fr,Sa 05:30-23:00",36.1115467,-94.1447358,+14793963186,https://locations.7brew.com/ar/fayetteville/3322-north-college-ave,2026-09-09
4520 Phoenix Ave,Fort Smith,AR,72903,"Mo,Tu,We,Th,Su 05:30-22:00 | Fr,Sa 05:30-23:00",35.3377452,-94.3828024,+14793589274,https://locations.7brew.com/ar/fort-smith/4520-phoenix-ave,2026-09-09
5400 Rogers Ave,Fort Smith,AR,72903,"Mo,Tu,We,Th,Su 05:30-22:00 | Fr,Sa 05:30-23:00",35.3620393,-94.3724971,+14793589274,https://locations.7brew.com/ar/fort-smith/5400-rogers-ave,2026-09-09
7720 Rogers Ave,Fort Smith,AR,72903,"Mo,Tu,We,Th,Su 05:30-22:00 | Fr,Sa 05:30-23:00",35.3505338,-94.3472139,+14793589274,https://locations.7brew.com/ar/fort-smith/7720-rogers-ave,2026-09-09
803 US-62 65 N,Harrison,AR,72601,"Mo,Tu,We,Th,Su 05:30-22:00 | Fr,Sa 05:30-23:00",36.2520639,-93.1194718,+14793589274,https://locations.7brew.com/ar/harrison/803-us-62-65-n,2026-09-09
1301 Albert Pike Road,Hot Springs,AR,71913,"Mo,Tu,We,Th,Su 05:30-22:00 | Fr,Sa 05:30-23:00",34.4926651,-93.08315329999999,+14793589274,https://locations.7brew.com/ar/hot-springs/1301-albert-pike-road,2026-09-09
3820 Central Ave,Hot Springs,AR,71913,"Mo,Tu,We,Th,Su 05:30-22:00 | Fr,Sa 05:30-23:00",34.4617493,-93.06210360000001,+14793589274,https://locations.7brew.com/ar/hot-springs/3820-central-ave,2026-09-09
1701 Visions Avenue,Jonesboro,AR,72405,"Mo,Tu,We,Th,Su 05:30-22:00 | Fr,Sa 05:30-23:00",35.863352,-90.655734,+14793589274,https://locations.7brew.com/ar/jonesboro/1701-visions-avenue,2026-09-09
2904 North Stallings,Jonesboro,AR,72401,"Mo,Tu,We,Th,Su 05:30-22:00 | Fr,Sa 05:30-23:00",35.8322141,-90.6694699,+18706414776,https://locations.7brew.com/ar/jonesboro/2904-north-stallings,2026-09-09
11100 N Rodney Parham Rd,Little Rock,AR,72212-4118,"Mo,Tu,We,Th,Su 05:30-22:00 | Fr,Sa 05:30-23:00",34.77188,-92.396709,+15016422093,https://locations.7brew.com/ar/little-rock/11100-n-rodney-parham-rd,2026-09-09
11418 W Markham St,Little Rock,AR,72211,"Mo,Tu,We,Th,Su 05:30-22:00 | Fr,Sa 05:30-23:00",34.754373,-92.403248,+15016422094,https://locations.7brew.com/ar/little-rock/11418-w-markham-st,2026-09-09
8023 Cantrell Rd,Little Rock,AR,72227-2418,"Mo,Tu,We,Th,Su 05:30-22:00 | Fr,Sa 05:30-23:00",34.775456,-92.362632,+15016422095,https://locations.7brew.com/ar/little-rock/8023-cantrell-rd,2026-09-09
500 S Bloomington St,Lowell,AR,72745,"Mo,Tu,We,Th,Su 05:30-22:00 | Fr,Sa 05:30-23:00",36.246611,-94.1375,+14797705670,https://locations.7brew.com/ar/lowell/500-s-bloomington-st,2026-09-09
650 Hwy 62 E,Mountain Home,AR,72653-3208,"Mo,Tu,We,Th,Su 05:30-22:00 | Fr,Sa 05:30-23:00",36.3451965,-92.37693879999999,+14793589274,https://locations.7brew.com/ar/mountain-home/650-hwy-62-e,2026-09-09
11921 Maumelle Blvd,North Little Rock,AR,72113-6568,"Mo,Tu,We,Th,Su 05:30-22:00 | Fr,Sa 05:30-23:00",34.828785,-92.392364,+15016422096,https://locations.7brew.com/ar/north-little-rock/11921-maumelle-blvd,2026-09-09
4211 East McCain Boulevard,North Little Rock,AR,72117,"Mo,Tu,We,Th,Su 05:30-22:00 | Fr,Sa 05:30-23:00",34.7894616,-92.22236830000001,+14793589274,https://locations.7brew.com/ar/north-little-rock/4211-east-mccain-boulevard,2026-09-09
4900 John F Kennedy Blvd,North Little Rock,AR,72116,"Mo,Tu,We,Th,Su 05:30-22:00 | Fr,Sa 05:30-23:00",34.800803,-92.254647,+14793589274,https://locations.7brew.com/ar/north-little-rock/4900-john-f-kennedy-blvd,2026-09-09
7001 N John F Kenedy Blvd,North Little Rock,AR,72116,"Mo,Tu,We,Th,Su 05:30-22:00 | Fr,Sa 05:30-23:00",34.819512,-92.236387,+14793589274,https://locations.7brew.com/ar/north-little-rock/7001-n-john-f-kenedy-blvd,2026-09-09
2312 West Kingshighway,Paragould,AR,72450,"Mo,Tu,We,Th,Su 05:30-22:00 | Fr,Sa 05:30-23:00",36.0591725,-90.5172194,+14793589274,https://locations.7brew.com/ar/paragould/2312-west-kingshighway,2026-09-09
501 Slack Street,Pea Ridge,AR,72751,"Mo,Tu,We,Th,Su 05:30-22:00 | Fr,Sa 05:30-23:00",36.441831,-94.12253199999999,+14793589274,https://locations.7brew.com/ar/pea-ridge/501-slack-street,2026-09-09
2101 South 52nd Street,Rogers,AR,72758,"Mo,Tu,We,Th,Su 05:30-22:00 | Fr,Sa 05:30-23:00",36.317452,-94.186255,+14793351905,https://locations.7brew.com/ar/rogers/2101-south-52nd-street,2026-09-09
2503 N 2nd St,Rogers,AR,72756-2405,"Mo,Tu,We,Th,Su 05:30-22:00 | Fr,Sa 05:30-23:00",36.355661,-94.115759,+14793355260,https://locations.7brew.com/ar/rogers/2503-n-2nd-st,2026-09-09
4100 W. Walnut St.,Rogers,AR,72756,"Mo,Tu,We,Th,Su 05:30-22:00 | Fr,Sa 05:30-23:00",36.334338,-94.176581,+14793351945,https://locations.7brew.com/ar/rogers/4100-w.-walnut-st.,2026-09-09
322 Weir Rd,Russellville,AR,72802,"Mo,Tu,We,Th,Su 05:30-22:00 | Fr,Sa 05:30-23:00",35.2815202,-93.1065491,+14794491364,https://locations.7brew.com/ar/russellville/322-weir-rd,2026-09-09
3212 E Race St,Searcy,AR,72143,"Mo,Tu,We,Th,Su 05:30-22:00 | Fr,Sa 05:30-23:00",35.250914,-91.69342499999999,+15014623782,https://locations.7brew.com/ar/searcy/3212-e-race-st,2026-09-09
2500 US-412,Siloam Springs,AR,72761-8625,"Mo,Tu,We,Th,Su 05:30-22:00 | Fr,Sa 05:30-23:00",36.180716,-94.515876,+14795992086,https://locations.7brew.com/ar/siloam-springs/2500-us-412,2026-09-09
1359 East Henri De Tonti Blvd,Springdale,AR,72762,"Mo,Tu,We,Th,Su 05:30-22:00 | Fr,Sa 05:30-23:00",36.1756452,-94.2130473,+14794875002,https://locations.7brew.com/ar/springdale/1359-east-henri-de-tonti-blvd,2026-09-09
1360 E Robinson,Springdale,AR,72764,"Mo,Tu,We,Th,Su 05:30-22:00 | Fr,Sa 05:30-23:00",36.167403,-94.116212,+14797705633,https://locations.7brew.com/ar/springdale/1360-e-robinson,2026-09-09
2004 South Pleasant Street,Springdale,AR,72764,"Mo,Tu,We,Th,Fr,Sa,Su 06:00-23:00",36.1662466,-94.1467381,+14793589274,https://locations.7brew.com/ar/springdale/2004-south-pleasant-street,2026-09-09
2960 W. Sunset Ave.,Springdale,AR,72762,"Mo,Tu,We,Th,Su 05:30-22:00 | Fr,Sa 05:30-23:00",36.1753912,-94.1630161,+14794875001,https://locations.7brew.com/ar/springdale/2960-w.-sunset-ave.,2026-09-09
1911 Fayetteville Rd,Van Buren,AR,72956,"Mo,Tu,We,Th,Su 05:30-22:00 | Fr,Sa 05:30-23:00",35.4650976,-94.3568791,+14793589274,https://locations.7brew.com/ar/van-buren/1911-fayetteville-rd,2026-09-09
180 West Ocotillo Road,Queen Creek,AZ,85140,"Mo,Tu,We,Th,Su 05:30-22:00 | Fr,Sa 05:30-23:00",33.2495106,-111.5674414,+14793589274,https://locations.7brew.com/az/queen-creek/180-west-ocotillo-road,2026-09-09
135 E Speedway Blvd,Tucson,AZ,85705,"Mo,Tu,We,Th,Su 05:30-22:00 | Fr,Sa 05:30-23:00",32.2361275,-110.9689941,+14793589274,https://locations.7brew.com/az/tucson/135-e-speedway-blvd,2026-09-09
960 East Tucson Marketplace Boulevard,Tucson,AZ,85713,"Mo,Tu,We,Th,Su 05:30-22:00 | Fr,Sa 05:30-23:00",32.185863,-110.9568614,+14793589274,https://locations.7brew.com/az/tucson/960-east-tucson-marketplace-boulevard,2026-09-09
2209 Main St,Alamosa,CO,81101,"Mo,Tu,We,Th,Su 05:30-22:00 | Fr,Sa 05:30-23:00",37.473969,-105.890572,+14793589274,https://locations.7brew.com/co/alamosa/2209-main-st,2026-09-09
13792 E Mississippi Ave,Aurora,CO,80012,"Mo,Tu,We,Th,Su 05:30-22:00 | Fr,Sa 05:30-23:00",39.6963402,-104.8306394,+14793589274,https://locations.7brew.com/co/aurora/13792-e-mississippi-ave,2026-09-09
3806 Maizeland Rd,Colorado Springs,CO,80909,"Mo,Tu,We,Th,Su 05:30-22:00 | Fr,Sa 05:30-23:00",38.8683573,-104.7566292,+14793589274,https://locations.7brew.com/co/colorado-springs/3806-maizeland-rd,2026-09-09
410 S. 26th St,Colorado Springs,CO,80904,"Mo,Tu,We,Th,Su 05:30-22:00 | Fr,Sa 05:30-23:00",38.84557410000001,-104.8672215,+14793589274,https://locations.7brew.com/co/colorado-springs/410-s.-26th-st,2026-09-09
4789 N. Airport Way,Denver,CO,80239,"Mo,Tu,We,Th,Su 05:30-22:00 | Fr,Sa 05:30-23:00",39.7833631,-104.7969475,+14793589274,https://locations.7brew.com/co/denver/4789-n.-airport-way,2026-09-09
4295 Firestone Blvd,Firestone,CO,80504,"Mo,Tu,We,Th,Su 05:30-22:00 | Fr,Sa 05:30-23:00",40.1611011,-104.9740365,+14793589274,https://locations.7brew.com/co/firestone/4295-firestone-blvd,2026-09-09
1377 Sculptor Drive,Loveland,CO,80537,"Mo,Tu,We,Th,Su 05:30-22:00 | Fr,Sa 05:30-23:00",40.406754,-105.038807,+14793589274,https://locations.7brew.com/co/loveland/1377-sculptor-drive,2026-09-09
1433 Encanto Pl,Montrose,CO,81401,"Mo,Tu,We,Th,Su 05:30-22:00 | Fr,Sa 05:30-23:00",38.463251,-107.866794,+14793589274,https://locations.7brew.com/co/montrose/1433-encanto-pl,2026-09-09
3583 Wadsworth Boulevard,Wheat Ridge,CO,80033,"Mo,Tu,We,Th,Su 05:30-22:00 | Fr,Sa 05:30-23:00",39.7673211,-105.0819443,+14793589274,https://locations.7brew.com/co/wheat-ridge/3583-wadsworth-boulevard,2026-09-09
5002 Kipling Street,Wheat Ridge,CO,80002,"Mo,Tu,We,Th,Su 05:30-22:00 | Fr,Sa 05:30-23:00",39.7877872,-105.1091266,+14793589274,https://locations.7brew.com/co/wheat-ridge/5002-kipling-street,2026-09-09
4707 Main Street,Bridgeport,CT,06606,"Mo,Tu,We,Th,Su 05:30-22:00 | Fr,Sa 05:30-23:00",41.2238012,-73.2185695,+14793589274,https://locations.7brew.com/ct/bridgeport/4707-main-street,2026-09-09
1447 Whalley Avenue,New Haven,CT,06515,"Mo,Tu,We,Th,Su 05:30-22:00 | Fr,Sa 05:30-23:00",41.3346478,-72.97634540000001,+14793589274,https://locations.7brew.com/ct/new-haven/1447-whalley-avenue,2026-09-09
117 Washington Avenue,North Haven,CT,06473,"Mo,Tu,We,Th,Su 05:30-22:00 | Fr,Sa 05:30-23:00",41.3952365,-72.8566561,+14793589274,https://locations.7brew.com/ct/north-haven/117-washington-avenue,2026-09-09
112 Boston Post Road,Orange,CT,06477,"Mo,Tu,We,Th,Su 05:30-22:00 | Fr,Sa 05:30-23:00",41.2757605,-72.99014350000002,+14793589274,https://locations.7brew.com/ct/orange/112-boston-post-road,2026-09-09
35 Talcottville Road,Vernon,CT,06066,"Mo,Tu,We,Th,Su 05:30-22:00 | Fr,Sa 05:30-23:00",41.8262703,-72.4977152,+14793589274,https://locations.7brew.com/ct/vernon/35-talcottville-road,2026-09-09
905 N Colony Rd,Wallingford,CT,06492,"Mo,Tu,We,Th,Su 05:30-22:00 | Fr,Sa 05:30-23:00",41.482969,-72.810543,+14793589274,https://locations.7brew.com/ct/wallingford/905-n-colony-rd,2026-09-09
145 Chase Avenue,Waterbury,CT,06704,"Mo,Tu,We,Th,Su 05:30-22:00 | Fr,Sa 05:30-23:00",41.5798966,-73.0317761,+14793589274,https://locations.7brew.com/ct/waterbury/145-chase-avenue,2026-09-09
5530 Southeast Abshier Boulevard,Belleview,FL,34420,"Mo,Tu,We,Th,Su 05:30-22:00 | Fr,Sa 05:30-23:00",29.0592989,-82.0566856,+14793589274,https://locations.7brew.com/fl/belleview/5530-southeast-abshier-boulevard,2026-09-09
14511 State Road 70 East,Bradenton,FL,34202,"Mo,Tu,We,Th,Su 05:30-22:00 | Fr,Sa 05:30-23:00",27.4324199,-82.3947987,+14793589274,https://locations.7brew.com/fl/bradenton/14511-state-road-70-east,2026-09-09
5787 Manatee Avenue West,Bradenton,FL,34209,"Mo,Tu,We,Th,Su 05:30-22:00 | Fr,Sa 05:30-23:00",27.4956097,-82.6191249,+14793589274,https://locations.7brew.com/fl/bradenton/5787-manatee-avenue-west,2026-09-09
685 Cortez Road West,Bradenton,FL,34207,"Mo,Tu,We,Th,Su 05:30-22:00 | Fr,Sa 05:30-23:00",27.462044,-82.569417,+14793589274,https://locations.7brew.com/fl/bradenton/685-cortez-road-west,2026-09-09
1194 South Broad Street,Brooksville,FL,34601,"Mo,Tu,We,Th,Su 05:30-22:00 | Fr,Sa 05:30-23:00",28.542829,-82.4029908,+14793589274,https://locations.7brew.com/fl/brooksville/1194-south-broad-street,2026-09-09
17445 U.S. 192,Clermont,FL,34714,"Mo,Tu,We,Th,Su 05:30-22:00 | Fr,Sa 05:30-23:00",28.3484725,-81.66574469999999,+14793589274,https://locations.7brew.com/fl/clermont/17445-u.s.-192,2026-09-09
3460 US 27 S,Clermont,FL,34711,"Mo,Tu,We,Th,Su 05:30-22:00 | Fr,Sa 05:30-23:00",28.5158222,-81.7269683,+14793589274,https://locations.7brew.com/fl/clermont/3460-us-27-s,2026-09-09
2541 S Ferdon Blvd,Crestview,FL,32536-8466,"Mo,Tu,We,Th,Su 05:30-22:00 | Fr,Sa 05:30-23:00",30.734422,-86.565504,+18508014004,https://locations.7brew.com/fl/crestview/2541-s-ferdon-blvd,2026-09-09
701 Champions Drive,Davenport,FL,33897,"Mo,Tu,We,Th,Su 05:30-22:00 | Fr,Sa 05:30-23:00",28.2727676,-81.6603384,+14793589274,https://locations.7brew.com/fl/davenport/701-champions-drive,2026-09-09
1445 S Nova Rd,Daytona Beach,FL,32114,"Mo,Tu,We,Th,Su 05:30-22:00 | Fr,Sa 05:30-23:00",29.17813,-81.027979,+14793589274,https://locations.7brew.com/fl/daytona-beach/1445-s-nova-rd,2026-09-09
2079 LPGA Blvd,Daytona Beach,FL,32117,"Mo,Tu,We,Th,Su 05:30-22:00 | Fr,Sa 05:30-23:00",29.2241643,-81.091701,+14793589274,https://locations.7brew.com/fl/daytona-beach/2079-lpga-blvd,2026-09-09
2597 S Woodland Blvd,Deland,FL,32720,"Mo,Tu,We,Th,Su 05:30-22:00 | Fr,Sa 05:30-23:00",28.9828986,-81.29894,+14793589274,https://locations.7brew.com/fl/deland/2597-s-woodland-blvd,2026-09-09
1940 S. 14th St,Fernandina Beach,FL,32034,"Mo,Tu,We,Th,Su 05:30-22:00 | Fr,Sa 05:30-23:00",30.640114,-81.455462,+19045828695,https://locations.7brew.com/fl/fernandina-beach/1940-s.-14th-st,2026-09-09
5422 Okeechobee Rd,Fort Pierce,FL,34947,"Mo,Tu,We,Th,Su 05:30-22:00 | Fr,Sa 05:30-23:00",27.4191628,-80.37965109999999,+14793589274,https://locations.7brew.com/fl/fort-pierce/5422-okeechobee-rd,2026-09-09
44 Eglin Parkway NE,Fort Walton Beach,FL,32548,"Mo,Tu,We,Th,Su 05:30-22:00 | Fr,Sa 05:30-23:00",30.414377,-86.606194,+14793589274,https://locations.7brew.com/fl/fort-walton-beach/44-eglin-parkway-ne,2026-09-09
1593 Southwest 13th Street,Gainesville,FL,32608,"Mo,Tu,We,Th,Su 05:30-22:00 | Fr,Sa 05:30-23:00",29.6367389,-82.3390957,+14793589274,https://locations.7brew.com/fl/gainesville/1593-southwest-13th-street,2026-09-09
3876 Gulf Breeze Parkway,Gulf Breeze,FL,32563,"Mo,Tu,We,Th,Su 05:30-22:00 | Fr,Sa 05:30-23:00",30.391106,-87.061435,+14793589274,https://locations.7brew.com/fl/gulf-breeze/3876-gulf-breeze-parkway,2026-09-09
3264 Gerona Dr E,Jacksonville,FL,32224,"Mo,Tu,We,Th,Su 05:30-22:00 | Fr,Sa 05:30-23:00",30.288306,-81.456013,+19048933782,https://locations.7brew.com/fl/jacksonville/3264-gerona-dr-e,2026-09-09
6730 103rd Street,Jacksonville,FL,32210,"Mo,Tu,We,Th,Su 05:30-22:00 | Fr,Sa 05:30-23:00",30.2479308,-81.7543003,+14793589274,https://locations.7brew.com/fl/jacksonville/6730-103rd-street,2026-09-09
7788 Normandy Blvd,Jacksonville,FL,32221,"Mo,Tu,We,Th,Su 05:30-22:00 | Fr,Sa 05:30-23:00",30.2944146,-81.77688260000001,+19048933783,https://locations.7brew.com/fl/jacksonville/7788-normandy-blvd,2026-09-09
3300 Margaritaville Boulevard,Kissimmee,FL,34747,"Mo,Tu,We,Th,Su 05:30-22:00 | Fr,Sa 05:30-23:00",28.3466189,-81.6085502,+14793589274,https://locations.7brew.com/fl/kissimmee/3300-margaritaville-boulevard,2026-09-09
4669 Hypoluxo Road,Lake Worth,FL,33463,"Mo,Tu,We,Th,Su 05:30-22:00 | Fr,Sa 05:30-23:00",26.5725235,-80.1159475,+14793589274,https://locations.7brew.com/fl/lake-worth/4669-hypoluxo-road,2026-09-09
10625 U.S. 441,Leesburg,FL,34788,"Mo,Tu,We,Th,Su 05:30-22:00 | Fr,Sa 05:30-23:00",28.8221987,-81.7819553,+14793589274,https://locations.7brew.com/fl/leesburg/10625-u.s.-441,2026-09-09
800 N 14th Street,Leesburg,FL,34748,"Mo,Tu,We,Th,Su 05:30-22:00 | Fr,Sa 05:30-23:00",28.819605,-81.887083,+14793589274,https://locations.7brew.com/fl/leesburg/800-n-14th-street,2026-09-09
2215 Ohio Avenue North,Live Oak,FL,32064,"Mo,Tu,We,Th,Su 05:30-22:00 | Fr,Sa 05:30-23:00",30.320316,-82.97073,+14793589274,https://locations.7brew.com/fl/live-oak/2215-ohio-avenue-north,2026-09-09
1420 Ohio Ave,Lynn Haven,FL,32444,"Mo,Tu,We,Th,Su 05:30-22:00 | Fr,Sa 05:30-23:00",30.236344,-85.64917799999999,+14793589274,https://locations.7brew.com/fl/lynn-haven/1420-ohio-ave,2026-09-09
490 Mary Esther Boulevard,Mary Esther,FL,32569,"Mo,Tu,We,Th,Su 05:30-22:00 | Fr,Sa 05:30-23:00",30.420247,-86.65330879999999,+14793589274,https://locations.7brew.com/fl/mary-esther/490-mary-esther-boulevard,2026-09-09
1165 Palm Bay Road Northeast,Melbourne,FL,32904,"Mo,Tu,We,Th,Su 05:30-22:00 | Fr,Sa 05:30-23:00",28.035739,-80.640428,+14793589274,https://locations.7brew.com/fl/melbourne/1165-palm-bay-road-northeast,2026-09-09
1809 South Harbor City Boulevard,Melbourne,FL,32901,"Mo,Tu,We,Th,Su 05:30-22:00 | Fr,Sa 05:30-23:00",28.0811481,-80.6038221,+13219776229,https://locations.7brew.com/fl/melbourne/1809-south-harbor-city-boulevard,2026-09-09
6325 North Wickham Road,Melbourne,FL,32940,"Mo,Tu,We,Th,Su 05:30-22:00 | Fr,Sa 05:30-23:00",28.2147983,-80.672136,+13219776037,https://locations.7brew.com/fl/melbourne/6325-north-wickham-road,2026-09-09
1694 Blanding Boulevard,Middleburg,FL,32068,"Mo,Tu,We,Th,Su 05:30-22:00 | Fr,Sa 05:30-23:00",30.1094328,-81.822372,+14793589274,https://locations.7brew.com/fl/middleburg/1694-blanding-boulevard,2026-09-09
6556 Caroline St,Milton,FL,32570,"Mo,Tu,We,Th,Su 05:30-22:00 | Fr,Sa 05:30-23:00",30.619645,-87.0501621,+14793589274,https://locations.7brew.com/fl/milton/6556-caroline-st,2026-09-09
8534 Navarre Parkway,Navarre,FL,32566,"Mo,Tu,We,Th,Su 05:30-22:00 | Fr,Sa 05:30-23:00",30.4020587,-86.8657837,+14793589274,https://locations.7brew.com/fl/navarre/8534-navarre-parkway,2026-09-09
1162 John Sims Pkwy,Niceville,FL,32578,"Mo,Tu,We,Th,Su 05:30-22:00 | Fr,Sa 05:30-23:00",30.5160245,-86.4643131,+14793589274,https://locations.7brew.com/fl/niceville/1162-john-sims-pkwy,2026-09-09
100 Southeast 8th Avenue,Okeechobee,FL,34974,"Mo,Tu,We,Th,Su 05:30-22:00 | Fr,Sa 05:30-23:00",27.2434692,-80.8218401,+14793589274,https://locations.7brew.com/fl/okeechobee/100-southeast-8th-avenue,2026-09-09
12199 East Colonial Drive,Orlando,FL,32826,"Mo,Tu,We,Th,Su 05:30-22:00 | Fr,Sa 05:30-23:00",28.5664772,-81.1992232,+14793589274,https://locations.7brew.com/fl/orlando/12199-east-colonial-drive,2026-09-09
4874 Highway 90,Pace,FL,32571,"Mo,Tu,We,Th,Su 05:30-22:00 | Fr,Sa 05:30-23:00",30.6038926,-87.1214351,+14793589274,https://locations.7brew.com/fl/pace/4874-highway-90,2026-09-09
111 Valor Dr SE,Palm Bay,FL,32909,"Mo,Tu,We,Th,Su 05:30-22:00 | Fr,Sa 05:30-23:00",27.9983975,-80.6441681,+14793589274,https://locations.7brew.com/fl/palm-bay/111-valor-dr-se,2026-09-09
198 Palm Bay Rd NE,Palm Bay,FL,32904,"Mo,Tu,We,Th,Su 05:30-22:00 | Fr,Sa 05:30-23:00",28.03408,-80.665236,+14793589274,https://locations.7brew.com/fl/palm-bay/198-palm-bay-rd-ne,2026-09-09
104 South Tyndall Parkway,Panama City,FL,32404,"Mo,Tu,We,Th,Su 05:30-22:00 | Fr,Sa 05:30-23:00",30.1452783,-85.59147779999999,+14793589274,https://locations.7brew.com/fl/panama-city/104-south-tyndall-parkway,2026-09-09
2105 N MLK Blvd,Panama City,FL,32405,"Mo,Tu,We,Th,Su 05:30-22:00 | Fr,Sa 05:30-23:00",30.1862049,-85.6505773,+14793589274,https://locations.7brew.com/fl/panama-city/2105-n-mlk-blvd,2026-09-09
300 E Nine Mile Rd,Pensacola,FL,32514,"Mo,Tu,We,Th,Su 05:30-22:00 | Fr,Sa 05:30-23:00",30.533438,-87.2619702,+14793589274,https://locations.7brew.com/fl/pensacola/300-e-nine-mile-rd,2026-09-09
5305 N Davis,Pensacola,FL,32503,"Mo,Tu,We,Th,Su 05:30-22:00 | Fr,Sa 05:30-23:00",30.4745618,-87.2259706,+14793589274,https://locations.7brew.com/fl/pensacola/5305-n-davis,2026-09-09
6881 North 9th Avenue,Pensacola,FL,32504,"Mo,Tu,We,Th,Su 05:30-22:00 | Fr,Sa 05:30-23:00",30.4939567,-87.1923533,+14793589274,https://locations.7brew.com/fl/pensacola/6881-north-9th-avenue,2026-09-09
8106 North Davis Highway,Pensacola,FL,32514,"Mo,Tu,We,Th,Su 05:30-22:00 | Fr,Sa 05:30-23:00",30.5126986,-87.218729,+14793589274,https://locations.7brew.com/fl/pensacola/8106-north-davis-highway,2026-09-09
4265 Tamiami Trl,Port Charlotte,FL,33980,"Mo,Tu,We,Th,Su 05:30-22:00 | Fr,Sa 05:30-23:00",26.9671717,-82.0792654,+14793589274,https://locations.7brew.com/fl/port-charlotte/4265-tamiami-trl,2026-09-09
1907 Southwest Gatlin Boulevard,Port St. Lucie,FL,34953,"Mo,Tu,We,Th,Su 05:30-22:00 | Fr,Sa 05:30-23:00",27.264937,-80.40718400000002,+14793589274,https://locations.7brew.com/fl/port-st.-lucie/1907-southwest-gatlin-boulevard,2026-09-09
5450 Murrell Rd,Rockledge,FL,32955,"Mo,Tu,We,Th,Su 05:30-22:00 | Fr,Sa 05:30-23:00",28.266491,-80.71875299999999,+13219664908,https://locations.7brew.com/fl/rockledge/5450-murrell-rd,2026-09-09
1321 Commercial Way,Spring Hill,FL,34606,"Mo,Tu,We,Th,Su 05:30-22:00 | Fr,Sa 05:30-23:00",28.452495,-82.63165099999999,+14793589274,https://locations.7brew.com/fl/spring-hill/1321-commercial-way,2026-09-09
2901 N Monroe,Tallahassee,FL,32303,"Mo,Tu,We,Th,Su 05:30-22:00 | Fr,Sa 05:30-23:00",30.481582,-84.304643,+14793589274,https://locations.7brew.com/fl/tallahassee/2901-n-monroe,2026-09-09
3804 N Monroe St,Tallahassee,FL,32303,"Mo,Tu,We,Th,Su 05:30-22:00 | Fr,Sa 05:30-23:00",30.500873,-84.329093,+14793589274,https://locations.7brew.com/fl/tallahassee/3804-n-monroe-st,2026-09-09
3603 West Hillsborough Avenue,Tampa,FL,33614,"Mo,Tu,We,Th,Su 05:30-22:00 | Fr,Sa 05:30-23:00",27.9965749,-82.5020571,+14793589274,https://locations.7brew.com/fl/tampa/3603-west-hillsborough-avenue,2026-09-09
2019 Okeechobee Blvd,West Palm Beach,FL,33409,"Mo,Tu,We,Th,Su 05:30-22:00 | Fr,Sa 05:30-23:00",26.7066953,-80.0813102,+15619258442,https://locations.7brew.com/fl/west-palm-beach/2019-okeechobee-blvd,2026-09-09
1248 East State Road 434,Winter Springs,FL,32708,"Mo,Tu,We,Th,Su 05:30-22:00 | Fr,Sa 05:30-23:00",28.6940834,-81.2589594,+14793589274,https://locations.7brew.com/fl/winter-springs/1248-east-state-road-434,2026-09-09
3455 Atlanta Highway,Athens,GA,30606,"Mo,Tu,We,Th,Su 05:30-22:00 | Fr,Sa 05:30-23:00",33.9389705,-83.4534691,+14793589274,https://locations.7brew.com/ga/athens/3455-atlanta-highway,2026-09-09
105 Charlestowne Way,Augusta,GA,30907,"Mo,Tu,We,Th,Su 05:30-22:00 | Fr,Sa 05:30-23:00",33.512362,-82.048497,+17064265530,https://locations.7brew.com/ga/augusta/105-charlestowne-way,2026-09-09
2915 Peach Orchard Rd,Augusta,GA,30906,"Mo,Tu,We,Th,Su 05:30-22:00 | Fr,Sa 05:30-23:00",33.417623,-82.023457,+17628009145,https://locations.7brew.com/ga/augusta/2915-peach-orchard-rd,2026-09-09
3600 Walton Way Extension,Augusta,GA,30909,"Mo,Tu,We,Th,Su 05:30-22:00 | Fr,Sa 05:30-23:00",33.4877895,-82.07353049999999,+14793589274,https://locations.7brew.com/ga/augusta/3600-walton-way-extension,2026-09-09
3700 Buford Dr,Buford,GA,30519,"Mo,Tu,We,Th,Su 05:30-22:00 | Fr,Sa 05:30-23:00",34.0829489,-83.9887031,+19432025346,https://locations.7brew.com/ga/buford/3700-buford-dr,2026-09-09
306 Highway 53,Calhoun,GA,30701,"Mo,Tu,We,Th,Su 05:30-22:00 | Fr,Sa 05:30-23:00",34.4774607,-84.93122540000002,+14793589274,https://locations.7brew.com/ga/calhoun/306-highway-53,2026-09-09
8133 Veterans Parkway,Columbus,GA,31909,"Mo,Tu,We,Th,Su 05:30-22:00 | Fr,Sa 05:30-23:00",32.55915094,-84.94140953,+14793589274,https://locations.7brew.com/ga/columbus/8133-veterans-parkway,2026-09-09
116 Habersham Hills Circle,Cornelia,GA,30531,"Mo,Tu,We,Th,Su 05:30-22:00 | Fr,Sa 05:30-23:00",34.543216,-83.54314029999999,+14793589274,https://locations.7brew.com/ga/cornelia/116-habersham-hills-circle,2026-09-09
1411 West Walnut Avenue,Dalton,GA,30720,"Mo,Tu,We,Th,Su 05:30-22:00 | Fr,Sa 05:30-23:00",34.7599469,-84.99609099999999,+14793589274,https://locations.7brew.com/ga/dalton/1411-west-walnut-avenue,2026-09-09
3449 Winder Highway,Flowery Branch,GA,30542,"Mo,Tu,We,Th,Su 05:30-22:00 | Fr,Sa 05:30-23:00",34.21783509999999,-83.86033929999999,+14793589274,https://locations.7brew.com/ga/flowery-branch/3449-winder-highway,2026-09-09
1608 North Expressway,Griffin,GA,30223,"Mo,Tu,We,Th,Fr,Sa,Su 05:30-23:00",33.2753917,-84.2905351,+14793589274,https://locations.7brew.com/ga/griffin/1608-north-expressway,2026-09-09
621 W. Oglethorpe Hwy,Hinesville,GA,31313,"Mo,Tu,We,Th,Su 05:30-22:00 | Fr,Sa 05:30-23:00",31.83104,-81.598092,+14793589274,https://locations.7brew.com/ga/hinesville/621-w.-oglethorpe-hwy,2026-09-09
5813 States Bridge Rd,Johns Creek,GA,30097,"Mo,Tu,We,Th,Su 05:30-22:00 | Fr,Sa 05:30-23:00",34.0172462,-84.1862422,+14793589274,https://locations.7brew.com/ga/johns-creek/5813-states-bridge-rd,2026-09-09
853 Ernest W Barrett Parkway Northwest,Kennesaw,GA,30144,"Mo,Tu,We,Th,Fr,Sa,Su 05:30-23:00",34.0043324,-84.57582839999999,+14793589274,https://locations.7brew.com/ga/kennesaw/853-ernest-w-barrett-parkway-northwest,2026-09-09
1414 Boone Avenue,Kingsland,GA,31548,"Mo,Tu,We,Th,Su 05:30-22:00 | Fr,Sa 05:30-23:00",30.7857397,-81.6445847,+14793589274,https://locations.7brew.com/ga/kingsland/1414-boone-avenue,2026-09-09
1073 Scenic Highway South,Lawrenceville,GA,30045,"Mo,Tu,We,Th,Su 05:30-22:00 | Fr,Sa 05:30-23:00",33.908292,-84.00356699999999,+14793589274,https://locations.7brew.com/ga/lawrenceville/1073-scenic-highway-south,2026-09-09
1379 US Hwy 82 West,Leesburg,GA,31763,"Mo,Tu,We,Th,Su 05:30-22:00 | Fr,Sa 05:30-23:00",31.6304781,-84.2391431,+14793589274,https://locations.7brew.com/ga/leesburg/1379-us-hwy-82-west,2026-09-09
4035 Five Forks Trickum Road Southwest,Lilburn,GA,30047,"Mo,Tu,We,Th,Su 05:30-22:00 | Fr,Sa 05:30-23:00",33.8683549,-84.09328289999999,+14793589274,https://locations.7brew.com/ga/lilburn/4035-five-forks-trickum-road-southwest,2026-09-09
1312 East-West Connector,Mableton,GA,30106,"Mo,Tu,We,Th,Fr,Sa,Su 05:30-23:00",33.8557725,-84.5929114,+14793589274,https://locations.7brew.com/ga/mableton/1312-east-west-connector,2026-09-09
3570 Old Anderson Farm Rd SW,Mableton,GA,30106,"Mo,Tu,We,Th,Fr,Sa,Su 05:30-23:00",33.8660889,-84.6331345,+14793589274,https://locations.7brew.com/ga/mableton/3570-old-anderson-farm-rd-sw,2026-09-09
1667 Bass Rd,Macon,GA,31210,"Mo,Tu,We,Th,Su 05:30-22:00 | Fr,Sa 05:30-23:00",32.9312897,-83.7271869,+14789100029,https://locations.7brew.com/ga/macon/1667-bass-rd,2026-09-09
1801 North Columbia Street,Milledgeville,GA,31061,"Mo,Tu,We,Th,Su 05:30-22:00 | Fr,Sa 05:30-23:00",33.102281,-83.248156,+14793589274,https://locations.7brew.com/ga/milledgeville/1801-north-columbia-street,2026-09-09
12875 Hwy 9,Milton,GA,30004,"Mo,Tu,We,Th,Su 05:30-22:00 | Fr,Sa 05:30-23:00",34.0947646,-84.276476,+14793589274,https://locations.7brew.com/ga/milton/12875-hwy-9,2026-09-09
470 Veterans Parkway North,Moultrie,GA,31788,"Mo,Tu,We,Th,Su 05:30-22:00 | Fr,Sa 05:30-23:00",31.1897833,-83.7609208,+14793589274,https://locations.7brew.com/ga/moultrie/470-veterans-parkway-north,2026-09-09
502 Pooler Pkwy,Pooler,GA,31322,"Mo,Tu,We,Th,Su 05:30-22:00 | Fr,Sa 05:30-23:00",32.134687,-81.25582299999999,+14793589274,https://locations.7brew.com/ga/pooler/502-pooler-pkwy,2026-09-09
110 Mall Boulevard,Savannah,GA,31406,"Mo,Tu,We,Th,Su 05:30-22:00 | Fr,Sa 05:30-23:00",32.0055889,-81.1146843,+14793589274,https://locations.7brew.com/ga/savannah/110-mall-boulevard,2026-09-09
36 Timberbrook Drive,Sharpsburg,GA,30277,"Mo,Tu,We,Th,Su 05:30-22:00 | Fr,Sa 05:30-23:00",33.4070826,-84.6721873,+14793589274,https://locations.7brew.com/ga/sharpsburg/36-timberbrook-drive,2026-09-09
3253 Stone Mountain Highway,Snellville,GA,30078,"Mo,Tu,We,Th,Su 05:30-22:00 | Fr,Sa 05:30-23:00",33.8504216,-84.0461089,+14793589274,https://locations.7brew.com/ga/snellville/3253-stone-mountain-highway,2026-09-09
1704 Hudson Bridge Road,Stockbridge,GA,30281,"Mo,Tu,We,Th,Fr,Sa,Su 05:30-23:00",33.502393,-84.24321049999999,+14793589274,https://locations.7brew.com/ga/stockbridge/1704-hudson-bridge-road,2026-09-09
5580 North Henry Boulevard,Stockbridge,GA,30281,"Mo,Tu,We,Th,Fr,Sa,Su 05:30-23:00",33.5531343,-84.2582786,+14793589274,https://locations.7brew.com/ga/stockbridge/5580-north-henry-boulevard,2026-09-09
1059 U.S. 19,Thomaston,GA,30286,"Mo,Tu,We,Th,Fr,Sa,Su 05:30-23:00",32.9247974,-84.3340691,+14793589274,https://locations.7brew.com/ga/thomaston/1059-u.s.-19,2026-09-09
13815 US-19 South,Thomasville,GA,31792,"Mo,Tu,We,Th,Su 05:30-22:00 | Fr,Sa 05:30-23:00",30.8385498,-83.9444944,+12295793997,https://locations.7brew.com/ga/thomasville/13815-us-19-south,2026-09-09
2004 Highway 82 W,Tifton,GA,31793,"Mo,Tu,We,Th,Fr,Sa,Su 05:30-23:00",31.4444277,-83.5453545,+14793589274,https://locations.7brew.com/ga/tifton/2004-highway-82-w,2026-09-09
1002 North Saint Augustine Road,Valdosta,GA,31601,"Mo,Tu,We,Th,Fr,Sa,Su 05:30-23:00",30.838503,-83.3176675,+14793589274,https://locations.7brew.com/ga/valdosta/1002-north-saint-augustine-road,2026-09-09
4050 Watson Blvd,Warner Robins,GA,31093,"Mo,Tu,We,Th,Su 05:30-22:00 | Fr,Sa 05:30-23:00",32.6158802,-83.7001392,+14787584162,https://locations.7brew.com/ga/warner-robins/4050-watson-blvd,2026-09-09
3615 Lincoln Way,Ames,IA,50014,"Mo,Tu,We,Th,Su 05:30-22:00 | Fr,Sa 05:30-23:00",42.0232784,-93.6678634,+14793589274,https://locations.7brew.com/ia/ames/3615-lincoln-way,2026-09-09
1020 E 1st St,Ankeny,IA,50021-2027,"Mo,Tu,We,Th,Su 05:30-22:00 | Fr,Sa 05:30-23:00",41.732314,-93.582488,+15153045920,https://locations.7brew.com/ia/ankeny/1020-e-1st-st,2026-09-09
3469 Middle Road,Bettendorf,IA,52722,"Mo,Tu,We,Th,Su 05:30-22:00 | Fr,Sa 05:30-23:00",41.550833,-90.484052,+14793589274,https://locations.7brew.com/ia/bettendorf/3469-middle-road,2026-09-09
3314 East Agency Street,Burlington,IA,52601,"Mo,Tu,We,Th,Su 05:30-22:00 | Fr,Sa 05:30-23:00",40.8145628,-91.143617,+14793589274,https://locations.7brew.com/ia/burlington/3314-east-agency-street,2026-09-09
6003 University Avenue,Cedar Falls,IA,50613,"Mo,Tu,We,Th,Su 05:30-22:00 | Fr,Sa 05:30-23:00",42.5123015,-92.42989159999999,+14793589274,https://locations.7brew.com/ia/cedar-falls/6003-university-avenue,2026-09-09
155 ½ Collins Rd NE,Cedar Rapids,IA,52402,"Mo,Tu,We,Th,Su 05:30-22:00 | Fr,Sa 05:30-23:00",42.026321,-91.623652,+14793589274,https://locations.7brew.com/ia/cedar-rapids/155-%C2%BD-collins-rd-ne,2026-09-09
2350 Edgewood Road Southwest,Cedar Rapids,IA,52404,"Mo,Tu,We,Th,Su 05:30-22:00 | Fr,Sa 05:30-23:00",41.95475740000001,-91.71658219999999,+14793589274,https://locations.7brew.com/ia/cedar-rapids/2350-edgewood-road-southwest,2026-09-09
15610 Hickman Rd,Clive,IA,50325,"Mo,Tu,We,Th,Su 05:30-22:00 | Fr,Sa 05:30-23:00",41.614464,-93.834381,+15153045923,https://locations.7brew.com/ia/clive/15610-hickman-rd,2026-09-09
2901 W Broadway,Council Bluffs,IA,51501,"Mo,Tu,We,Th,Su 05:30-22:00 | Fr,Sa 05:30-23:00",41.2616618,-95.8909949,+14793589274,https://locations.7brew.com/ia/council-bluffs/2901-w-broadway,2026-09-09
4341 Merle Hay Rd,Des Moines,IA,50310,"Mo,Tu,We,Th,Su 05:30-22:00 | Fr,Sa 05:30-23:00",41.637349,-93.697115,+14793589274,https://locations.7brew.com/ia/des-moines/4341-merle-hay-rd,2026-09-09
6001 SE 14th St,Des Moines,IA,50320,"Mo,Tu,We,Th,Su 05:30-22:00 | Fr,Sa 05:30-23:00",41.53051,-93.595956,+14793589274,https://locations.7brew.com/ia/des-moines/6001-se-14th-st,2026-09-09
3007 South Center Street,Marshalltown,IA,50158,"Mo,Tu,We,Th,Su 05:30-22:00 | Fr,Sa 05:30-23:00",42.0092332,-92.91328380000002,+14793589274,https://locations.7brew.com/ia/marshalltown/3007-south-center-street,2026-09-09
235 South Randall Road,Algonquin,IL,60102,"Mo,Tu,We,Th,Su 05:30-22:00 | Fr,Sa 05:30-23:00",42.173062,-88.334682,+14793589274,https://locations.7brew.com/il/algonquin/235-south-randall-road,2026-09-09
130 East Lake Street,Bloomingdale,IL,60108,"Mo,Tu,We,Th,Su 05:30-22:00 | Fr,Sa 05:30-23:00",41.957173,-88.0772691,+14793589274,https://locations.7brew.com/il/bloomingdale/130-east-lake-street,2026-09-09
151 South Gary Avenue,Bloomingdale,IL,60108,"Mo,Tu,We,Th,Su 05:30-22:00 | Fr,Sa 05:30-23:00",41.9498854,-88.119865,+14793589274,https://locations.7brew.com/il/bloomingdale/151-south-gary-avenue,2026-09-09
271 South Bolingbrook Drive,Bolingbrook,IL,60440,"Mo,Tu,We,Th,Su 05:30-22:00 | Fr,Sa 05:30-23:00",41.69229740000001,-88.0701529,+14793589274,https://locations.7brew.com/il/bolingbrook/271-south-bolingbrook-drive,2026-09-09
1270 North Bradley Boulevard,Bradley,IL,60915,"Mo,Tu,We,Th,Su 05:30-22:00 | Fr,Sa 05:30-23:00",41.161307,-87.8500534,+14793589274,https://locations.7brew.com/il/bradley/1270-north-bradley-boulevard,2026-09-09
1040 East Walnut Street,Carbondale,IL,62901,"Mo,Tu,We,Th,Su 05:30-22:00 | Fr,Sa 05:30-23:00",37.7278002,-89.1997559,+14793589274,https://locations.7brew.com/il/carbondale/1040-east-walnut-street,2026-09-09
2280 North Randall Road,Carpentersville,IL,60110,"Mo,Tu,We,Th,Su 05:30-22:00 | Fr,Sa 05:30-23:00",42.123061,-88.336025,+14793589274,https://locations.7brew.com/il/carpentersville/2280-north-randall-road,2026-09-09
1703 W Springfield Ave,Champaign,IL,61821,"Mo,Tu,We,Th,Su 05:30-22:00 | Fr,Sa 05:30-23:00",40.1125,-88.275218,+14793589274,https://locations.7brew.com/il/champaign/1703-w-springfield-ave,2026-09-09
1805 South Neil Street,Champaign,IL,61820,"Mo,Tu,We,Th,Su 05:30-22:00 | Fr,Sa 05:30-23:00",40.0941487,-88.2457161,+14793589274,https://locations.7brew.com/il/champaign/1805-south-neil-street,2026-09-09
102 W Lincoln Ave,Charleston,IL,61920,"Mo,Tu,We,Th,Su 05:30-22:00 | Fr,Sa 05:30-23:00",39.48409789999999,-88.1831974,+14793589274,https://locations.7brew.com/il/charleston/102-w-lincoln-ave,2026-09-09
6280 Northwest Highway,Crystal Lake,IL,60014,"Mo,Tu,We,Th,Su 05:30-22:00 | Fr,Sa 05:30-23:00",42.22659669999999,-88.3207991,+14793589274,https://locations.7brew.com/il/crystal-lake/6280-northwest-highway,2026-09-09
3202 N Vermilion Street,Danville,IL,61832,"Mo,Tu,We,Th,Su 05:30-22:00 | Fr,Sa 05:30-23:00",40.175117,-87.6307822,+12179204468,https://locations.7brew.com/il/danville/3202-n-vermilion-street,2026-09-09
2016 Mt Zion Rd,Decatur,IL,62521,"Mo,Tu,We,Th,Su 05:30-22:00 | Fr,Sa 05:30-23:00",39.8176258,-88.8777108,+12178597686,https://locations.7brew.com/il/decatur/2016-mt-zion-rd,2026-09-09
550 E Pershing Rd,Decatur,IL,62526,"Mo,Tu,We,Th,Su 05:30-22:00 | Fr,Sa 05:30-23:00",39.8772393,-88.9518383,+14793589274,https://locations.7brew.com/il/decatur/550-e-pershing-rd,2026-09-09
1313 North Keller Drive,Effingham,IL,62401,"Mo,Tu,We,Th,Su 05:30-22:00 | Fr,Sa 05:30-23:00",39.14062759999999,-88.56799649999999,+14793589274,https://locations.7brew.com/il/effingham/1313-north-keller-drive,2026-09-09
1922 North Henderson Street,Galesburg,IL,61401,"Mo,Tu,We,Th,Su 05:30-22:00 | Fr,Sa 05:30-23:00",40.9714209,-90.3835537,+14793589274,https://locations.7brew.com/il/galesburg/1922-north-henderson-street,2026-09-09
12980 IL-47,Huntley,IL,60142,"Mo,Tu,We,Th,Su 05:30-22:00 | Fr,Sa 05:30-23:00",42.1414118,-88.4318604,+14793589274,https://locations.7brew.com/il/huntley/12980-il-47,2026-09-09
1209 W Morton Ave,Jacksonville,IL,62650-2770,"Mo,Tu,We,Th,Su 05:30-22:00 | Fr,Sa 05:30-23:00",39.7227635,-90.24969109999999,+14476100618,https://locations.7brew.com/il/jacksonville/1209-w-morton-ave,2026-09-09
2421 West Jefferson Street,Joliet,IL,60435,"Mo,Tu,We,Th,Su 05:30-22:00 | Fr,Sa 05:30-23:00",41.522653,-88.14283130000001,+14793589274,https://locations.7brew.com/il/joliet/2421-west-jefferson-street,2026-09-09
2551 Plainfield Road,Joliet,IL,60435,"Mo,Tu,We,Th,Su 05:30-22:00 | Fr,Sa 05:30-23:00",41.5717475,-88.14987599999999,+14793589274,https://locations.7brew.com/il/joliet/2551-plainfield-road,2026-09-09
880 S Rand Rd,Lake Zurich,IL,60047,"Mo,Tu,We,Th,Su 05:30-22:00 | Fr,Sa 05:30-23:00",42.1840024,-88.0864567,+14793589274,https://locations.7brew.com/il/lake-zurich/880-s-rand-rd,2026-09-09
27695 IL-120,Lakemoor,IL,60051,"Mo,Tu,We,Th,Su 05:30-22:00 | Fr,Sa 05:30-23:00",42.322673,-88.1716869,+14793589274,https://locations.7brew.com/il/lakemoor/27695-il-120,2026-09-09
16355 West 159th Street,Lockport,IL,60441,"Mo,Tu,We,Th,Su 05:30-22:00 | Fr,Sa 05:30-23:00",41.5972551,-88.0164307,+14793589274,https://locations.7brew.com/il/lockport/16355-west-159th-street,2026-09-09
1404 West Lane Road,Machesney Park,IL,61115,"Mo,Tu,We,Th,Su 05:30-22:00 | Fr,Sa 05:30-23:00",42.3655784,-89.0303658,+14793589274,https://locations.7brew.com/il/machesney-park/1404-west-lane-road,2026-09-09
2816 Joseph Cannon Way,Marion,IL,62959,"Mo,Tu,We,Th,Su 05:30-22:00 | Fr,Sa 05:30-23:00",37.7434561,-88.9738565,+16189922893,https://locations.7brew.com/il/marion/2816-joseph-cannon-way,2026-09-09
11385 West Lincoln Highway,Mokena,IL,60448,"Mo,Tu,We,Th,Su 05:30-22:00 | Fr,Sa 05:30-23:00",41.5034663,-87.89275599999999,+14793589274,https://locations.7brew.com/il/mokena/11385-west-lincoln-highway,2026-09-09
4105 Broadway St,Mount Vernon,IL,62864,"Mo,Tu,We,Th,Su 05:30-22:00 | Fr,Sa 05:30-23:00",38.3139277,-88.9412352,+14793589274,https://locations.7brew.com/il/mount-vernon/4105-broadway-st,2026-09-09
1203 Iroquois Ave,Naperville,IL,60563,"Mo,Tu,We,Th,Su 05:30-22:00 | Fr,Sa 05:30-23:00",41.7950269,-88.12430789999999,+14793589274,https://locations.7brew.com/il/naperville/1203-iroquois-ave,2026-09-09
1570 North Rand Road,Palatine,IL,60074,"Mo,Tu,We,Th,Su 05:30-22:00 | Fr,Sa 05:30-23:00",42.1369098,-88.0192208,+14793589274,https://locations.7brew.com/il/palatine/1570-north-rand-road,2026-09-09
12740 Route 59,Plainfield,IL,60585,"Mo,Tu,We,Th,Su 05:30-22:00 | Fr,Sa 05:30-23:00",41.650578,-88.204127,+14793589274,https://locations.7brew.com/il/plainfield/12740-route-59,2026-09-09
853 E. Rollins Road,Round Lake Beach,IL,60073,"Mo,Tu,We,Th,Su 05:30-22:00 | Fr,Sa 05:30-23:00",42.3800588,-88.0607904,+14793589274,https://locations.7brew.com/il/round-lake-beach/853-e.-rollins-road,2026-09-09
2599 Wabash Avenue,Springfield,IL,62704,"Mo,Tu,We,Th,Su 05:30-22:00 | Fr,Sa 05:30-23:00",39.7644119,-89.7057176,+14793589274,https://locations.7brew.com/il/springfield/2599-wabash-avenue,2026-09-09
4104 E Lincolnway,Sterling,IL,61081,"Mo,Tu,We,Th,Su 05:30-22:00 | Fr,Sa 05:30-23:00",,,+12172810717,https://locations.7brew.com/il/sterling/4104-e-lincolnway,2026-09-09
7121 West 159th Street,Tinley Park,IL,60477,"Mo,Tu,We,Th,Su 05:30-22:00 | Fr,Sa 05:30-23:00",41.6019217,-87.7909705,+14793589274,https://locations.7brew.com/il/tinley-park/7121-west-159th-street,2026-09-09
410 N Broadway Ave,Urbana,IL,61801-2709,"Mo,Tu,We,Th,Su 05:30-22:00 | Fr,Sa 05:30-23:00",40.116103,-88.207127,+14793589274,https://locations.7brew.com/il/urbana/410-n-broadway-ave,2026-09-09
3378 Grand Ave,Waukegan,IL,60085,"Mo,Tu,We,Th,Su 05:30-22:00 | Fr,Sa 05:30-23:00",42.3710752,-87.8842495,+14793589274,https://locations.7brew.com/il/waukegan/3378-grand-ave,2026-09-09
4445 South Scatterfield Road,Anderson,IN,46013,"Mo,Tu,We,Th,Su 05:30-22:00 | Fr,Sa 05:30-23:00",40.0682983,-85.65292540000002,+14793589274,https://locations.7brew.com/in/anderson/4445-south-scatterfield-road,2026-09-09
6883 E US Hwy 36,Avon,IN,46123,"Mo,Tu,We,Th,Su 05:30-22:00 | Fr,Sa 05:30-23:00",39.7621112,-86.4020131,+14793589274,https://locations.7brew.com/in/avon/6883-e-us-hwy-36,2026-09-09
7450 E. County Rd 700 N,Brownsburg,IN,46112,"Mo,Tu,We,Th,Su 05:30-22:00 | Fr,Sa 05:30-23:00",39.865844,-86.393067,+14793589274,https://locations.7brew.com/in/brownsburg/7450-e.-county-rd-700-n,2026-09-09
10671 Broadway,Crown Point,IN,46307,"Mo,Tu,We,Th,Su 05:30-22:00 | Fr,Sa 05:30-23:00",41.42451,-87.334752,+14793589274,https://locations.7brew.com/in/crown-point/10671-broadway,2026-09-09
900 Joliet Street,Dyer,IN,46311,"Mo,Tu,We,Th,Su 05:30-22:00 | Fr,Sa 05:30-23:00",41.492187,-87.506108,+14793589274,https://locations.7brew.com/in/dyer/900-joliet-street,2026-09-09
4301 North First Avenue,Evansville,IN,47710,"Mo,Tu,We,Th,Su 05:30-22:00 | Fr,Sa 05:30-23:00",38.017913,-87.5734822,+14793589274,https://locations.7brew.com/in/evansville/4301-north-first-avenue,2026-09-09
10170 Maysville Road,Fort Wayne,IN,46835,"Mo,Tu,We,Th,Su 05:30-22:00 | Fr,Sa 05:30-23:00",41.128781,-85.0115891,+14793589274,https://locations.7brew.com/in/fort-wayne/10170-maysville-road,2026-09-09
1120 N State Rd 135,Greenwood,IN,46142,"Mo,Tu,We,Th,Su 05:30-22:00 | Fr,Sa 05:30-23:00",39.6320794,-86.1588112,+14793589274,https://locations.7brew.com/in/greenwood/1120-n-state-rd-135,2026-09-09
143 Washington Pointe Drive,Indianapolis,IN,46229,"Mo,Tu,We,Th,Su 05:30-22:00 | Fr,Sa 05:30-23:00",39.7758281,-85.9799204,+14793589274,https://locations.7brew.com/in/indianapolis/143-washington-pointe-drive,2026-09-09
3710 S East St,Indianapolis,IN,46227-1241,"Mo,Tu,We,Th,Su 05:30-22:00 | Fr,Sa 05:30-23:00",39.7124897,-86.1494663,+14632714002,https://locations.7brew.com/in/indianapolis/3710-s-east-st,2026-09-09
4420 S Emerson,Indianapolis,IN,46203,"Mo,Tu,We,Th,Su 05:30-22:00 | Fr,Sa 05:30-23:00",39.702215,-86.083172,+14793589274,https://locations.7brew.com/in/indianapolis/4420-s-emerson,2026-09-09
4626 East County Line,Indianapolis,IN,46237,"Mo,Tu,We,Th,Su 05:30-22:00 | Fr,Sa 05:30-23:00",39.6365861,-86.08982209999999,+14632714001,https://locations.7brew.com/in/indianapolis/4626-east-county-line,2026-09-09
6340 Intech Commons Drive,Indianapolis,IN,46278,"Mo,Tu,We,Th,Su 05:30-22:00 | Fr,Sa 05:30-23:00",39.8810543,-86.27273799999999,+14793589274,https://locations.7brew.com/in/indianapolis/6340-intech-commons-drive,2026-09-09
6411 East 82nd Street,Indianapolis,IN,46250,"Mo,Tu,We,Th,Su 05:30-22:00 | Fr,Sa 05:30-23:00",39.904782,-86.05758589999999,+14793589274,https://locations.7brew.com/in/indianapolis/6411-east-82nd-street,2026-09-09
8650 Michigan Rd,Indianapolis,IN,46268,"Mo,Tu,We,Th,Su 05:30-22:00 | Fr,Sa 05:30-23:00",39.9123388,-86.22285769999999,+14793589274,https://locations.7brew.com/in/indianapolis/8650-michigan-rd,2026-09-09
1626 Veterans Parkway,Jeffersonville,IN,47130,"Mo,Tu,We,Th,Su 05:30-22:00 | Fr,Sa 05:30-23:00",38.3282408,-85.74370909999999,+14793589274,https://locations.7brew.com/in/jeffersonville/1626-veterans-parkway,2026-09-09
3545 E 10th St,Jeffersonville,IN,47130,"Mo,Tu,We,Th,Su 05:30-22:00 | Fr,Sa 05:30-23:00",38.3361105,-85.7081685,+18129243194,https://locations.7brew.com/in/jeffersonville/3545-e-10th-st,2026-09-09
3718 South Reed Road,Kokomo,IN,46902,"Mo,Tu,We,Th,Su 05:30-22:00 | Fr,Sa 05:30-23:00",40.4433311,-86.12344619999999,+14793589274,https://locations.7brew.com/in/kokomo/3718-south-reed-road,2026-09-09
807 S Reed St,Kokomo,IN,46901,"Mo,Tu,We,Th,Su 05:30-22:00 | Fr,Sa 05:30-23:00",40.477461,-86.108438,+14793589274,https://locations.7brew.com/in/kokomo/807-s-reed-st,2026-09-09
151 Newporte Boulevard,La Porte,IN,46350,"Mo,Tu,We,Th,Su 05:30-22:00 | Fr,Sa 05:30-23:00",41.6157142,-86.72902599999999,+14793589274,https://locations.7brew.com/in/la-porte/151-newporte-boulevard,2026-09-09
2207 Sagamore Pkwy,Lafayette,IN,47905,"Mo,Tu,We,Th,Su 05:30-22:00 | Fr,Sa 05:30-23:00",40.3952942,-86.855344,+14793589274,https://locations.7brew.com/in/lafayette/2207-sagamore-pkwy,2026-09-09
3602 Cougill Ln,Lafayette,IN,47909,"Mo,Tu,We,Th,Su 05:30-22:00 | Fr,Sa 05:30-23:00",40.367529,-86.861459,+17657675447,https://locations.7brew.com/in/lafayette/3602-cougill-ln,2026-09-09
3842 Grace St,Lafayette,IN,47905,"Mo,Tu,We,Th,Su 05:30-22:00 | Fr,Sa 05:30-23:00",40.41858682,-86.83391975,+17657675431,https://locations.7brew.com/in/lafayette/3842-grace-st,2026-09-09
2435 N Lebanon Street,Lebanon,IN,46052,"Mo,Tu,We,Th,Su 05:30-22:00 | Fr,Sa 05:30-23:00",40.0712694,-86.4731697,+17659785968,https://locations.7brew.com/in/lebanon/2435-n-lebanon-street,2026-09-09
1207 North Baldwin Avenue,Marion,IN,46952,"Mo,Tu,We,Th,Su 05:30-22:00 | Fr,Sa 05:30-23:00",40.5734085,-85.6756544,+14793589274,https://locations.7brew.com/in/marion/1207-north-baldwin-avenue,2026-09-09
3301 South Western Avenue,Marion,IN,46953,"Mo,Tu,We,Th,Su 05:30-22:00 | Fr,Sa 05:30-23:00",40.530047,-85.6736667,+14793589274,https://locations.7brew.com/in/marion/3301-south-western-avenue,2026-09-09
71 West Lincoln Highway,Merrillville,IN,46410,"Mo,Tu,We,Th,Su 05:30-22:00 | Fr,Sa 05:30-23:00",41.4702708,-87.3379333,+14793589274,https://locations.7brew.com/in/merrillville/71-west-lincoln-highway,2026-09-09
528 South Indiana Street,Mooresville,IN,46158,"Mo,Tu,We,Th,Su 05:30-22:00 | Fr,Sa 05:30-23:00",39.6050228,-86.3754677,+14793589274,https://locations.7brew.com/in/mooresville/528-south-indiana-street,2026-09-09
308 S. Tillotson Ave,Muncie,IN,47304,"Mo,Tu,We,Th,Su 05:30-22:00 | Fr,Sa 05:30-23:00",40.19167900000001,-85.418792,+14793589274,https://locations.7brew.com/in/muncie/308-s.-tillotson-ave,2026-09-09
602 West McGalliard Road,Muncie,IN,47303,"Mo,Tu,We,Th,Su 05:30-22:00 | Fr,Sa 05:30-23:00",40.2192692,-85.3926934,+14793589274,https://locations.7brew.com/in/muncie/602-west-mcgalliard-road,2026-09-09
4501 Charlestown Road,New Albany,IN,47150,"Mo,Tu,We,Th,Su 05:30-22:00 | Fr,Sa 05:30-23:00",38.3547095,-85.79214689999999,+14793589274,https://locations.7brew.com/in/new-albany/4501-charlestown-road,2026-09-09
4011 Old State Rte 261,Newburgh,IN,47630,"Mo,Tu,We,Th,Su 05:30-22:00 | Fr,Sa 05:30-23:00",37.9760776,-87.3921682,+14793589274,https://locations.7brew.com/in/newburgh/4011-old-state-rte-261,2026-09-09
2501 E Main St,Plainfield,IN,46168,"Mo,Tu,We,Th,Su 05:30-22:00 | Fr,Sa 05:30-23:00",39.7152869,-86.362094,+14632759001,https://locations.7brew.com/in/plainfield/2501-e-main-st,2026-09-09
2424 IN-44,Shelbyville,IN,46176-1869,"Mo,Tu,We,Th,Su 05:30-22:00 | Fr,Sa 05:30-23:00",39.523716,-85.743693,+14637660617,https://locations.7brew.com/in/shelbyville/2424-in-44,2026-09-09
2322 S SR 46,Terre Haute,IN,47803,"Mo,Tu,We,Th,Su 05:30-22:00 | Fr,Sa 05:30-23:00",39.438326,-87.3322908,+14793589274,https://locations.7brew.com/in/terre-haute/2322-s-sr-46,2026-09-09
3492 South US Highway 41,Terre Haute,IN,47802,"Mo,Tu,We,Th,Su 05:30-22:00 | Fr,Sa 05:30-23:00",39.4252197,-87.415542,+14793589274,https://locations.7brew.com/in/terre-haute/3492-south-us-highway-41,2026-09-09
2805 Calumet Avenue,Valparaiso,IN,46383,"Mo,Tu,We,Th,Su 05:30-22:00 | Fr,Sa 05:30-23:00",41.4938826,-87.04639949999999,+14793589274,https://locations.7brew.com/in/valparaiso/2805-calumet-avenue,2026-09-09
2900 U.S. 52,West Lafayette,IN,47906,"Mo,Tu,We,Th,Su 05:30-22:00 | Fr,Sa 05:30-23:00",40.4678213,-86.9603648,+14793589274,https://locations.7brew.com/in/west-lafayette/2900-u.s.-52,2026-09-09
2200 North Rock Road,Derby,KS,67037,"Mo,Tu,We,Th,Su 05:30-22:00 | Fr,Sa 05:30-23:00",37.5705082,-97.24321950000001,+14793589274,https://locations.7brew.com/ks/derby/2200-north-rock-road,2026-09-09
1804 East Kansas Avenue,Garden City,KS,67846,"Mo,Tu,We,Th,Su 05:30-22:00 | Fr,Sa 05:30-23:00",37.97462,-100.850295,+14793589274,https://locations.7brew.com/ks/garden-city/1804-east-kansas-avenue,2026-09-09
3015 10th St,Great Bend,KS,67530,"Mo,Tu,We,Th,Su 05:30-22:00 | Fr,Sa 05:30-23:00",38.3618116,-98.78088299999999,+14793589274,https://locations.7brew.com/ks/great-bend/3015-10th-st,2026-09-09
3380 Vine Street,Hays,KS,67601,"Mo,Tu,We,Th,Su 05:30-22:00 | Fr,Sa 05:30-23:00",38.8943466,-99.3171362,+14793589274,https://locations.7brew.com/ks/hays/3380-vine-street,2026-09-09
3231 Iowa Street,Lawrence,KS,66046,"Mo,Tu,We,Th,Su 05:30-22:00 | Fr,Sa 05:30-23:00",38.92541,-95.26106899999999,+14793589274,https://locations.7brew.com/ks/lawrence/3231-iowa-street,2026-09-09
4433 Bauer Farm Drive,Lawrence,KS,66049,"Mo,Tu,We,Th,Su 05:30-22:00 | Fr,Sa 05:30-23:00",38.9721935,-95.2978906,+14793589274,https://locations.7brew.com/ks/lawrence/4433-bauer-farm-drive,2026-09-09
2912 South 4th Street,Leavenworth,KS,66048,"Mo,Tu,We,Th,Su 05:30-22:00 | Fr,Sa 05:30-23:00",39.28786789999999,-94.9064963,+14793589274,https://locations.7brew.com/ks/leavenworth/2912-south-4th-street,2026-09-09
1930 North Kansas Avenue,Liberal,KS,67901,"Mo,Tu,We,Th,Su 05:30-22:00 | Fr,Sa 05:30-23:00",37.05954,-100.9233409,+14793589274,https://locations.7brew.com/ks/liberal/1930-north-kansas-avenue,2026-09-09
1008 Limey Place,Manhattan,KS,66502,"Mo,Tu,We,Th,Su 05:30-22:00 | Fr,Sa 05:30-23:00",39.1899867,-96.557884,+14793589274,https://locations.7brew.com/ks/manhattan/1008-limey-place,2026-09-09
2021 E Santa Fe St,Olathe,KS,66062,"Mo,Tu,We,Th,Su 05:30-22:00 | Fr,Sa 05:30-23:00",38.883354,-94.781847,+19134890904,https://locations.7brew.com/ks/olathe/2021-e-santa-fe-st,2026-09-09
11001 Metcalf Avenue,Overland Park,KS,66211,"Mo,Tu,We,Th,Su 05:30-22:00 | Fr,Sa 05:30-23:00",38.9291039,-94.6672026,+19134077178,https://locations.7brew.com/ks/overland-park/11001-metcalf-avenue,2026-09-09
15027 Metcalf Ave,Overland Park,KS,66223,"Mo,Tu,We,Th,Su 05:30-22:00 | Fr,Sa 05:30-23:00",38.855569,-94.6671549,+19134077176,https://locations.7brew.com/ks/overland-park/15027-metcalf-ave,2026-09-09
8721 West 135th Street,Overland Park,KS,66221,"Mo,Tu,We,Th,Su 05:30-22:00 | Fr,Sa 05:30-23:00",38.88360714,-94.68718062,+14793589274,https://locations.7brew.com/ks/overland-park/8721-west-135th-street,2026-09-09
2817 North Broadway Street,Pittsburg,KS,66762,"Mo,Tu,We,Th,Su 05:30-22:00 | Fr,Sa 05:30-23:00",37.435363,-94.705369,+14793589274,https://locations.7brew.com/ks/pittsburg/2817-north-broadway-street,2026-09-09
1115 SW Wanamaker Rd,Topeka,KS,66604-3808,"Mo,Tu,We,Th,Su 05:30-22:00 | Fr,Sa 05:30-23:00",39.047671,-95.762069,+17856002725,https://locations.7brew.com/ks/topeka/1115-sw-wanamaker-rd,2026-09-09
110 N Rock Rd,Wichita,KS,67206,"Mo,Tu,We,Th,Su 05:30-22:00 | Fr,Sa 05:30-23:00",37.6869782,-97.24391,+13162051072,https://locations.7brew.com/ks/wichita/110-n-rock-rd,2026-09-09
11465 E. 21st Street N,Wichita,KS,67206,"Mo,Tu,We,Th,Su 05:30-22:00 | Fr,Sa 05:30-23:00",37.7227328,-97.2048104,+14793589274,https://locations.7brew.com/ks/wichita/11465-e.-21st-street-n,2026-09-09
3031 E Central Ave,Wichita,KS,67214,"Mo,Tu,We,Th,Su 05:30-22:00 | Fr,Sa 05:30-23:00",37.6933712,-97.3006577,+13168957953,https://locations.7brew.com/ks/wichita/3031-e-central-ave,2026-09-09
325 S Ridge Rd,Wichita,KS,67209,"Mo,Tu,We,Th,Su 05:30-22:00 | Fr,Sa 05:30-23:00",37.6794688,-97.4264146,+14793589274,https://locations.7brew.com/ks/wichita/325-s-ridge-rd,2026-09-09
3505 N Rock Rd,Wichita,KS,67226,"Mo,Tu,We,Th,Su 05:30-22:00 | Fr,Sa 05:30-23:00",37.747016,-97.2451921,+14793589274,https://locations.7brew.com/ks/wichita/3505-n-rock-rd,2026-09-09
1025 Fairview Ave,Bowling Green,KY,42103,"Mo,Tu,We,Th,Su 05:30-22:00 | Fr,Sa 05:30-23:00",36.990442,-86.427236,+14793589274,https://locations.7brew.com/ky/bowling-green/1025-fairview-ave,2026-09-09
1555 Campbell Lane,Bowling Green,KY,42104,"Mo,Tu,We,Th,Su 05:30-22:00 | Fr,Sa 05:30-23:00",36.9509342,-86.4409323,+14793589274,https://locations.7brew.com/ky/bowling-green/1555-campbell-lane,2026-09-09
2855 Nashville Rd,Bowling Green,KY,42101,"Mo,Tu,We,Th,Su 05:30-22:00 | Fr,Sa 05:30-23:00",36.953339,-86.4751358,+14793963186,https://locations.7brew.com/ky/bowling-green/2855-nashville-rd,2026-09-09
2962 Scottsville Rd,Bowling Green,KY,42104-4414,"Mo,Tu,We,Th,Su 05:30-22:00 | Fr,Sa 05:30-23:00",36.9443435,-86.42169179999999,+12707702351,https://locations.7brew.com/ky/bowling-green/2962-scottsville-rd,2026-09-09
200 Lebanon Avenue,Campbellsville,KY,42718,"Mo,Tu,We,Th,Su 05:30-22:00 | Fr,Sa 05:30-23:00",37.3431473,-85.3415988,+14793589274,https://locations.7brew.com/ky/campbellsville/200-lebanon-avenue,2026-09-09
82 RJV Drive,Corbin,KY,40701,"Mo,Tu,We,Th,Su 05:30-22:00 | Fr,Sa 05:30-23:00",36.9175894,-84.12351009999999,+14793589274,https://locations.7brew.com/ky/corbin/82-rjv-drive,2026-09-09
1560 Hustonville Road,Danville,KY,40422,"Mo,Tu,We,Th,Su 05:30-22:00 | Fr,Sa 05:30-23:00",37.6184487,-84.7717448,+14793589274,https://locations.7brew.com/ky/danville/1560-hustonville-road,2026-09-09
108 Executive Drive,Elizabethtown,KY,42701,"Mo,Tu,We,Th,Su 05:30-22:00 | Fr,Sa 05:30-23:00",37.7107951,-85.8324635,+14793589274,https://locations.7brew.com/ky/elizabethtown/108-executive-drive,2026-09-09
7303 Turfway Rd,Florence,KY,41042,"Mo,Tu,We,Th,Su 05:30-22:00 | Fr,Sa 05:30-23:00",39.0113899,-84.6296991,+14793589274,https://locations.7brew.com/ky/florence/7303-turfway-rd,2026-09-09
8111 U.S. 42,Florence,KY,41042,"Mo,Tu,We,Th,Su 05:30-22:00 | Fr,Sa 05:30-23:00",38.9822216,-84.6458813,+14793589274,https://locations.7brew.com/ky/florence/8111-u.s.-42,2026-09-09
78 Commerce Dr,Hazard,KY,41701,"Mo,Tu,We,Th,Su 05:30-22:00 | Fr,Sa 05:30-23:00",37.2950587,-83.2170202,+14793589274,https://locations.7brew.com/ky/hazard/78-commerce-dr,2026-09-09
2005 U.S. 41,Henderson,KY,42420,"Mo,Tu,We,Th,Su 05:30-22:00 | Fr,Sa 05:30-23:00",37.8642084,-87.57434119999999,+14793589274,https://locations.7brew.com/ky/henderson/2005-u.s.-41,2026-09-09
4012 Fort Campbell Boulevard,Hopkinsville,KY,42240,"Mo,Tu,We,Th,Su 05:30-22:00 | Fr,Sa 05:30-23:00",36.8349905,-87.4737813,+14793589274,https://locations.7brew.com/ky/hopkinsville/4012-fort-campbell-boulevard,2026-09-09
1617 Clay Mills,Lexington,KY,40503,"Mo,Tu,We,Th,Su 05:30-22:00 | Fr,Sa 05:30-23:00",38.0175467,-84.53714219999999,+14793589274,https://locations.7brew.com/ky/lexington/1617-clay-mills,2026-09-09
2349 Remington Dr,Lexington,KY,40511,"Mo,Tu,We,Th,Su 05:30-22:00 | Fr,Sa 05:30-23:00",38.0953288,-84.5123461,+14793589274,https://locations.7brew.com/ky/lexington/2349-remington-dr,2026-09-09
2895 Richmond Rd,Lexington,KY,40509,"Mo,Tu,We,Th,Su 05:30-22:00 | Fr,Sa 05:30-23:00",38.006998,-84.450845,+18598102891,https://locations.7brew.com/ky/lexington/2895-richmond-rd,2026-09-09
4265 Harrodsburg Rd,Lexington,KY,40514,"Mo,Tu,We,Th,Su 05:30-22:00 | Fr,Sa 05:30-23:00",37.9981622,-84.58108539999999,+18598105631,https://locations.7brew.com/ky/lexington/4265-harrodsburg-rd,2026-09-09
1708 W KY 192,London,KY,40741,"Mo,Tu,We,Th,Su 05:30-22:00 | Fr,Sa 05:30-23:00",37.1086438,-84.0887697,+14793589274,https://locations.7brew.com/ky/london/1708-w-ky-192,2026-09-09
10013 Brownsboro Road,Louisville,KY,40241,"Mo,Tu,We,Th,Su 05:30-22:00 | Fr,Sa 05:30-23:00",38.3157178,-85.5620397,+14793589274,https://locations.7brew.com/ky/louisville/10013-brownsboro-road,2026-09-09
10643 Dixie Highway,Louisville,KY,40272,"Mo,Tu,We,Th,Su 05:30-22:00 | Fr,Sa 05:30-23:00",38.09954219999999,-85.8716436,+14793589274,https://locations.7brew.com/ky/louisville/10643-dixie-highway,2026-09-09
2625 S Hurstbourne Pkwy,Louisville,KY,40220,"Mo,Tu,We,Th,Su 05:30-22:00 | Fr,Sa 05:30-23:00",38.2124735,-85.5938353,+14793589274,https://locations.7brew.com/ky/louisville/2625-s-hurstbourne-pkwy,2026-09-09
4023 Poplar Level Road,Louisville,KY,40213,"Mo,Tu,We,Th,Su 05:30-22:00 | Fr,Sa 05:30-23:00",38.2008263,-85.7085529,+14793589274,https://locations.7brew.com/ky/louisville/4023-poplar-level-road,2026-09-09
4217 Shelbyville Rd,Louisville,KY,40207,"Mo,Tu,We,Th,Su 05:30-22:00 | Fr,Sa 05:30-23:00",38.251984,-85.637683,+14793589274,https://locations.7brew.com/ky/louisville/4217-shelbyville-rd,2026-09-09
5000 Maple Spring Dr,Louisville,KY,40229,"Mo,Tu,We,Th,Su 05:30-22:00 | Fr,Sa 05:30-23:00",38.099294,-85.670485,+14793589274,https://locations.7brew.com/ky/louisville/5000-maple-spring-dr,2026-09-09
5340 Bardstown Rd,Louisville,KY,40291,"Mo,Tu,We,Th,Su 05:30-22:00 | Fr,Sa 05:30-23:00",38.167464,-85.603536,+14793589274,https://locations.7brew.com/ky/louisville/5340-bardstown-rd,2026-09-09
7609 Bardstown Rd,Louisville,KY,40291,"Mo,Tu,We,Th,Su 05:30-22:00 | Fr,Sa 05:30-23:00",38.136442,-85.5801941,+14793589274,https://locations.7brew.com/ky/louisville/7609-bardstown-rd,2026-09-09
7700 Laurel Ridge Rd,Louisville,KY,40219,"Mo,Tu,We,Th,Su 05:30-22:00 | Fr,Sa 05:30-23:00",38.137408,-85.674104,+14793589274,https://locations.7brew.com/ky/louisville/7700-laurel-ridge-rd,2026-09-09
9489 Westport Road,Louisville,KY,40241,"Mo,Tu,We,Th,Su 05:30-22:00 | Fr,Sa 05:30-23:00",38.2868179,-85.57554119999999,+14793589274,https://locations.7brew.com/ky/louisville/9489-westport-road,2026-09-09
552 Island Ford Road,Madisonville,KY,42431,"Mo,Tu,We,Th,Su 05:30-22:00 | Fr,Sa 05:30-23:00",37.351169,-87.489519,+14793589274,https://locations.7brew.com/ky/madisonville/552-island-ford-road,2026-09-09
12525 Shelbyville Rd,Middletown,KY,40243,"Mo,Tu,We,Th,Su 05:30-22:00 | Fr,Sa 05:30-23:00",38.24533,-85.52359,+14793589274,https://locations.7brew.com/ky/middletown/12525-shelbyville-rd,2026-09-09
700 N 12th St,Murray,KY,42071,"Mo,Tu,We,Th,Su 05:30-22:00 | Fr,Sa 05:30-23:00",36.6227799,-88.3143304,+14793589274,https://locations.7brew.com/ky/murray/700-n-12th-st,2026-09-09
7 Carothers Road,Newport,KY,41071,"Mo,Tu,We,Th,Su 05:30-22:00 | Fr,Sa 05:30-23:00",39.0845883,-84.482635,+14793589274,https://locations.7brew.com/ky/newport/7-carothers-road,2026-09-09
1031 North Main Street,Nicholasville,KY,40356,"Mo,Tu,We,Th,Su 05:30-22:00 | Fr,Sa 05:30-23:00",37.9003735,-84.5652956,+14793589274,https://locations.7brew.com/ky/nicholasville/1031-north-main-street,2026-09-09
4930 Frederica Street,Owensboro,KY,42301,"Mo,Tu,We,Th,Su 05:30-22:00 | Fr,Sa 05:30-23:00",37.7215018,-87.1249879,+14793589274,https://locations.7brew.com/ky/owensboro/4930-frederica-street,2026-09-09
2600 South Highway 27,Somerset,KY,42501,"Mo,Tu,We,Th,Su 05:30-22:00 | Fr,Sa 05:30-23:00",37.0573359,-84.6237762,+14793589274,https://locations.7brew.com/ky/somerset/2600-south-highway-27,2026-09-09
101 Crossfield Drive,Versailles,KY,40383,"Mo,Tu,We,Th,Su 05:30-22:00 | Fr,Sa 05:30-23:00",38.053824,-84.7166,+14793589274,https://locations.7brew.com/ky/versailles/101-crossfield-drive,2026-09-09
1120 Bypass Road,Winchester,KY,40391,"Mo,Tu,We,Th,Su 05:30-22:00 | Fr,Sa 05:30-23:00",37.99805,-84.21397189999999,+14793589274,https://locations.7brew.com/ky/winchester/1120-bypass-road,2026-09-09
5117 Essen Ln,Baton Rouge,LA,70809,"Mo,Tu,We,Th,Su 05:30-22:00 | Fr,Sa 05:30-23:00",30.401149,-91.10540379999999,+12258009095,https://locations.7brew.com/la/baton-rouge/5117-essen-ln,2026-09-09
5821 Creek Centre Drive,Baton Rouge,LA,70820,"Mo,Tu,We,Th,Su 05:30-00:00 | Fr,Sa 05:30-02:00",30.3898047,-91.1606332,+14793589274,https://locations.7brew.com/la/baton-rouge/5821-creek-centre-drive,2026-09-09
1980 Airline Drive,Bossier City,LA,71112,"Mo,Tu,We,Th,Su 05:30-22:00 | Fr,Sa 05:30-23:00",32.5270909,-93.7002255,+14793589274,https://locations.7brew.com/la/bossier-city/1980-airline-drive,2026-09-09
8111 W Judge Perez,Chalmette,LA,70043,"Mo,Tu,We,Th,Su 05:30-22:00 | Fr,Sa 05:30-23:00",29.9564895,-89.9855191,+14793589274,https://locations.7brew.com/la/chalmette/8111-w-judge-perez,2026-09-09
704 North Pine Street,DeRidder,LA,70634,"Mo,Tu,We,Th,Su 05:30-22:00 | Fr,Sa 05:30-23:00",30.8561638,-93.28877659999999,+14793589274,https://locations.7brew.com/la/deridder/704-north-pine-street,2026-09-09
1538 Louisiana 30 W,Gonzales,LA,70737,"Mo,Tu,We,Th 05:00-22:00 | Fr 05:00-23:00 | Sa 05:30-23:00 | Su 05:30-22:00",30.211258,-90.936731,+19852721399,https://locations.7brew.com/la/gonzales/1538-louisiana-30-w,2026-09-09
1604 SW Railroad Ave,Hammond,LA,70403,"Mo,Tu,We,Th,Su 05:30-22:00 | Fr,Sa 05:30-23:00",30.487383,-90.457442,+14793589274,https://locations.7brew.com/la/hammond/1604-sw-railroad-ave,2026-09-09
2307 W Thomas St,Hammond,LA,70401,"Mo,Tu,We,Th,Su 05:30-22:00 | Fr,Sa 05:30-23:00",30.500407,-90.48741199999999,+14793589274,https://locations.7brew.com/la/hammond/2307-w-thomas-st,2026-09-09
991 Grand Caillou Road,Houma,LA,70363,"Mo,Tu,We,Th,Su 05:30-22:00 | Fr,Sa 05:30-23:00",29.5817598,-90.6930816,+14793589274,https://locations.7brew.com/la/houma/991-grand-caillou-road,2026-09-09
1417 West Airline Highway,LaPlace,LA,70068,"Mo,Tu,We,Th,Su 05:30-22:00 | Fr,Sa 05:30-23:00",30.07178979999999,-90.49455329999999,+14793589274,https://locations.7brew.com/la/laplace/1417-west-airline-highway,2026-09-09
4308 Ambassador Caffery Parkway,Lafayette,LA,70508,"Mo,Tu,We,Th,Su 05:30-22:00 | Fr,Sa 05:30-23:00",30.1582467,-92.0529583,+14793589274,https://locations.7brew.com/la/lafayette/4308-ambassador-caffery-parkway,2026-09-09
4711 Nelson Road,Lake Charles,LA,70605,"Mo,Tu,We,Th,Su 05:30-22:00 | Fr,Sa 05:30-23:00",30.1716782,-93.24916979999999,+14793589274,https://locations.7brew.com/la/lake-charles/4711-nelson-road,2026-09-09
1800 S 5th St,Leesville,LA,71446,"Mo,Tu,We,Th,Su 05:30-22:00 | Fr,Sa 05:30-23:00",31.123995,-93.268555,+14793589274,https://locations.7brew.com/la/leesville/1800-s-5th-st,2026-09-09
1645 Barataria Boulevard,Marrero,LA,70072,"Mo,Tu,We,Th,Su 05:30-22:00 | Fr,Sa 05:30-23:00",29.8805924,-90.0986501,+14793589274,https://locations.7brew.com/la/marrero/1645-barataria-boulevard,2026-09-09
7100 Veterans Memorial Boulevard,Metairie,LA,70003,"Mo,Tu,We,Th,Su 05:30-22:00 | Fr,Sa 05:30-23:00",30.0050854,-90.2193278,+14793589274,https://locations.7brew.com/la/metairie/7100-veterans-memorial-boulevard,2026-09-09
2401 Louisville Avenue,Monroe,LA,71201,"Mo,Tu,We,Th,Su 05:30-22:00 | Fr,Sa 05:30-23:00",32.5233251,-92.0983507,+14793589274,https://locations.7brew.com/la/monroe/2401-louisville-avenue,2026-09-09
200 Keyser Avenue,Natchitoches,LA,71457,"Mo,Tu,We,Th,Su 05:30-22:00 | Fr,Sa 05:30-23:00",31.754238,-93.0846996,+14793589274,https://locations.7brew.com/la/natchitoches/200-keyser-avenue,2026-09-09
849 W Pine St,Ponchatoula,LA,70454,"Mo,Tu,We,Th,Su 05:30-22:00 | Fr,Sa 05:30-23:00",30.4375332,-90.4548787,+14793589274,https://locations.7brew.com/la/ponchatoula/849-w-pine-st,2026-09-09
1110 Cooktown Rd,Ruston,LA,71270,"Mo,Tu,We,Th,Su 05:30-22:00 | Fr,Sa 05:30-23:00",32.538113,-92.652644,+14793589274,https://locations.7brew.com/la/ruston/1110-cooktown-rd,2026-09-09
1648 Gause Boulevard,Slidell,LA,70458,"Mo,Tu,We,Th,Su 05:30-22:00 | Fr,Sa 05:30-23:00",30.2851794,-89.752865,+14793589274,https://locations.7brew.com/la/slidell/1648-gause-boulevard,2026-09-09
371 North Canal Boulevard,Thibodaux,LA,70301,"Mo,Tu,We,Th,Su 05:30-22:00 | Fr,Sa 05:30-23:00",29.8034295,-90.81528399999999,+14793589274,https://locations.7brew.com/la/thibodaux/371-north-canal-boulevard,2026-09-09
28195 Walker South Rd,Walker,LA,70785,"Mo,Tu,We,Th 05:00-22:00 | Fr 05:00-23:00 | Sa 05:30-23:00 | Su 05:30-22:00",30.476432,-90.864077,+12252431820,https://locations.7brew.com/la/walker/28195-walker-south-rd,2026-09-09
105 Thomas Rd,West Monroe,LA,71291,"Mo,Tu,We,Th,Su 05:30-22:00 | Fr,Sa 05:30-23:00",32.5153413,-92.1569621,+14793589274,https://locations.7brew.com/la/west-monroe/105-thomas-rd,2026-09-09
5568 Main Street,Zachary,LA,70791,"Mo,Tu,We,Th,Su 05:30-22:00 | Fr,Sa 05:30-23:00",30.6474366,-91.1453667,+14793589274,https://locations.7brew.com/la/zachary/5568-main-street,2026-09-09
927 Riverdale Street,West Springfield,MA,01089,"Mo,Tu,We,Th,Su 05:30-22:00 | Fr,Sa 05:30-23:00",42.129138,-72.6260678,+14793589274,https://locations.7brew.com/ma/west-springfield/927-riverdale-street,2026-09-09
2912 Emmorton Road,Abingdon,MD,21009,"Mo,Tu,We,Th,Su 05:30-22:00 | Fr,Sa 05:30-23:00",39.4788766,-76.3109272,+14793589274,https://locations.7brew.com/md/abingdon/2912-emmorton-road,2026-09-09
2733 Dorchester Square,Cambridge,MD,21613,"Mo,Tu,We,Th,Su 05:30-22:00 | Fr,Sa 05:30-23:00",38.55497039999999,-76.0552981,+14793589274,https://locations.7brew.com/md/cambridge/2733-dorchester-square,2026-09-09
1501 S Salisbury Blvd,Salisbury,MD,21801,"Mo,Tu,We,Th,Su 05:30-22:00 | Fr,Sa 05:30-23:00",38.339253,-75.605971,+14793589274,https://locations.7brew.com/md/salisbury/1501-s-salisbury-blvd,2026-09-09
14800 Southfield Road,Allen Park,MI,48101,"Mo,Tu,We,Th,Su 05:30-22:00 | Fr,Sa 05:30-23:00",42.257183,-83.198532,+14793589274,https://locations.7brew.com/mi/allen-park/14800-southfield-road,2026-09-09
12225 South Saginaw Street,Grand Blanc,MI,48439,"Mo,Tu,We,Th,Su 05:30-22:00 | Fr,Sa 05:30-23:00",42.9218974,-83.6223297,+14793589274,https://locations.7brew.com/mi/grand-blanc/12225-south-saginaw-street,2026-09-09
638 E 16th St,Holland,MI,49423,"Mo,Tu,We,Th,Su 05:30-22:00 | Fr,Sa 05:30-23:00",42.782891,-86.079721,+14793589274,https://locations.7brew.com/mi/holland/638-e-16th-st,2026-09-09
1301 North West Avenue,Jackson,MI,49202,"Mo,Tu,We,Th,Su 05:30-22:00 | Fr,Sa 05:30-23:00",42.2645423,-84.4229878,+14793589274,https://locations.7brew.com/mi/jackson/1301-north-west-avenue,2026-09-09
4702 Main St,Kalamazoo,MI,49006,"Mo,Tu,We,Th,Su 05:30-22:00 | Fr,Sa 05:30-23:00",42.29669,-85.6473199,+14793589274,https://locations.7brew.com/mi/kalamazoo/4702-main-st,2026-09-09
5806 Gull Rd,Kalamazoo,MI,49048,"Mo,Tu,We,Th,Su 05:30-22:00 | Fr,Sa 05:30-23:00",42.325488,-85.515614,+14793589274,https://locations.7brew.com/mi/kalamazoo/5806-gull-rd,2026-09-09
6206 South Cedar Street,Lansing,MI,48911,"Mo,Tu,We,Th,Su 05:30-22:00 | Fr,Sa 05:30-23:00",42.6678072,-84.5436476,+14793589274,https://locations.7brew.com/mi/lansing/6206-south-cedar-street,2026-09-09
7142 Eastman Avenue,Midland,MI,48642,"Mo,Tu,We,Th,Su 05:30-22:00 | Fr,Sa 05:30-23:00",43.662892,-84.2462534,+14793589274,https://locations.7brew.com/mi/midland/7142-eastman-avenue,2026-09-09
1843 North Telegraph Road,Monroe,MI,48162,"Mo,Tu,We,Th,Su 05:30-22:00 | Fr,Sa 05:30-23:00",41.947404,-83.4013288,+14793589274,https://locations.7brew.com/mi/monroe/1843-north-telegraph-road,2026-09-09
1203 South Mission Street,Mount Pleasant,MI,48858,"Mo,Tu,We,Th,Su 05:30-22:00 | Fr,Sa 05:30-23:00",43.5909481,-84.7670109,+14793589274,https://locations.7brew.com/mi/mount-pleasant/1203-south-mission-street,2026-09-09
5508 Harvey St,Muskegon,MI,49444,"Mo,Tu,We,Th,Su 05:30-22:00 | Fr,Sa 05:30-23:00",43.151535,-86.205083,+14793589274,https://locations.7brew.com/mi/muskegon/5508-harvey-st,2026-09-09
1413 E M21,Owosso,MI,48867,"Mo,Tu,We,Th,Su 05:30-22:00 | Fr,Sa 05:30-23:00",42.9981885,-84.1444255,+14793589274,https://locations.7brew.com/mi/owosso/1413-e-m21,2026-09-09
815 24th Street,Port Huron,MI,48060,"Mo,Tu,We,Th,Su 05:30-22:00 | Fr,Sa 05:30-23:00",42.974736,-82.4533324,+14793589274,https://locations.7brew.com/mi/port-huron/815-24th-street,2026-09-09
29179 Gratiot Ave,Roseville,MI,48066,"Mo,Tu,We,Th,Su 05:30-22:00 | Fr,Sa 05:30-23:00",42.5113685,-82.9280572,+14793589274,https://locations.7brew.com/mi/roseville/29179-gratiot-ave,2026-09-09
1114 West South Airport Road,Traverse City,MI,49686,"Mo,Tu,We,Th,Su 05:30-22:00 | Fr,Sa 05:30-23:00",44.73373,-85.597861,+12314542011,https://locations.7brew.com/mi/traverse-city/1114-west-south-airport-road,2026-09-09
2537 U.S. 31 S,Traverse City,MI,49684,"Mo,Tu,We,Th,Su 05:30-22:00 | Fr,Sa 05:30-23:00",44.724073,-85.646841,+12314542012,https://locations.7brew.com/mi/traverse-city/2537-u.s.-31-s,2026-09-09
15440 English Ave,Apple Valley,MN,55124,"Mo,Tu,We,Th,Su 05:30-22:00 | Fr,Sa 05:30-23:00",44.7255932,-93.1778702,+14793589274,https://locations.7brew.com/mn/apple-valley/15440-english-ave,2026-09-09
1709 Paul Bunyan Dr NW,Bemidji,MN,56601,"Mo,Tu,We,Th,Su 05:30-22:00 | Fr,Sa 05:30-23:00",47.494445,-94.904745,+14793589274,https://locations.7brew.com/mn/bemidji/1709-paul-bunyan-dr-nw,2026-09-09
421 Anderson Road,Duluth,MN,55811,"Mo,Tu,We,Th,Fr 06:00-22:00 | Sa,Su 07:00-22:00",46.8001085,-92.14469410000001,+14793589274,https://locations.7brew.com/mn/duluth/421-anderson-road,2026-09-09
2984 White Bear Avenue,Maplewood,MN,55109,"Mo,Tu,We,Th,Su 05:30-22:00 | Fr,Sa 05:30-23:00",45.0312581,-93.0172643,+14793589274,https://locations.7brew.com/mn/maplewood/2984-white-bear-avenue,2026-09-09
2401 8th Street South,Moorhead,MN,56560,"Mo,Tu,We,Th,Su 05:30-22:00 | Fr,Sa 05:30-23:00",46.8510585,-96.7689036,+14793589274,https://locations.7brew.com/mn/moorhead/2401-8th-street-south,2026-09-09
4149 Division Street,St. Cloud,MN,56301,"Mo,Tu,We,Th,Su 05:30-22:00 | Fr,Sa 05:30-23:00",45.5534708,-94.2120061,+14793589274,https://locations.7brew.com/mn/st.-cloud/4149-division-street,2026-09-09
855 East County Road E E,Vadnais Heights,MN,55127,"Mo,Tu,We,Th,Su 05:30-22:00 | Fr,Sa 05:30-23:00",45.0506923,-93.0639415,+14793589274,https://locations.7brew.com/mn/vadnais-heights/855-east-county-road-e-e,2026-09-09
1537 Gilmore Avenue,Winona,MN,55987,"Mo,Tu,We,Th,Su 05:30-22:00 | Fr,Sa 05:30-23:00",44.0483327,-91.6790786,+14793589274,https://locations.7brew.com/mn/winona/1537-gilmore-avenue,2026-09-09
1275 Jeffco Boulevard,Arnold,MO,63010,"Mo,Tu,We,Th,Su 05:30-22:00 | Fr,Sa 05:30-23:00",38.4391639,-90.3736294,+14793589274,https://locations.7brew.com/mo/arnold/1275-jeffco-boulevard,2026-09-09
400 Northwest Highway 7,Blue Springs,MO,64014,"Mo,Tu,We,Th,Su 05:30-22:00 | Fr,Sa 05:30-23:00",39.0217967,-94.2716173,+14793589274,https://locations.7brew.com/mo/blue-springs/400-northwest-highway-7,2026-09-09
2208 76 Country Blvd,Branson,MO,65616,"Mo,Tu,We,Th,Su 05:30-22:00 | Fr,Sa 05:30-23:00",36.6406666,-93.2605382,+14174646250,https://locations.7brew.com/mo/branson/2208-76-country-blvd,2026-09-09
475 U.S. 54,Camdenton,MO,65020,"Mo,Tu,We,Th,Su 05:30-22:00 | Fr,Sa 05:30-23:00",38.0140418,-92.73937529999999,+14793589274,https://locations.7brew.com/mo/camdenton/475-u.s.-54,2026-09-09
17 South Kingshighway,Cape Girardeau,MO,63703,"Mo,Tu,We,Th,Su 05:30-22:00 | Fr,Sa 05:30-23:00",37.305795,-89.5525229,+14793589274,https://locations.7brew.com/mo/cape-girardeau/17-south-kingshighway,2026-09-09
200 E Nifong,Columbia,MO,65203,"Mo,Tu,We,Th,Su 05:30-22:00 | Fr,Sa 05:30-23:00",38.9093156,-92.3377462,+14793589274,https://locations.7brew.com/mo/columbia/200-e-nifong,2026-09-09
209 S Providence Rd,Columbia,MO,65203,"Mo,Tu,We,Th,Su 05:30-22:00 | Fr,Sa 05:30-23:00",38.9488816,-92.3346455,+14793589274,https://locations.7brew.com/mo/columbia/209-s-providence-rd,2026-09-09
3307 Clark Lane,Columbia,MO,65202,"Mo,Tu,We,Th,Su 05:30-22:00 | Fr,Sa 05:30-23:00",38.9643644,-92.28791199999999,+14793589274,https://locations.7brew.com/mo/columbia/3307-clark-lane,2026-09-09
5997 Mid Rivers Mall Dr,Cottleville,MO,63376,"Mo,Tu,We,Th,Su 05:30-22:00 | Fr,Sa 05:30-23:00",38.74932820000001,-90.6360349,+16366852747,https://locations.7brew.com/mo/cottleville/5997-mid-rivers-mall-dr,2026-09-09
15444-A Manchester Road,Ellisville,MO,63011,"Mo,Tu,We,Th,Su 05:30-22:00 | Fr,Sa 05:30-23:00",38.5924608,-90.5648993,+14793589274,https://locations.7brew.com/mo/ellisville/15444-a-manchester-road,2026-09-09
744 West Karsch Boulevard,Farmington,MO,63640,"Mo,Tu,We,Th,Su 05:30-22:00 | Fr,Sa 05:30-23:00",37.7912,-90.434635,+14793589274,https://locations.7brew.com/mo/farmington/744-west-karsch-boulevard,2026-09-09
606 South Truman Boulevard,Festus,MO,63028,"Mo,Tu,We,Th,Su 05:30-22:00 | Fr,Sa 05:30-23:00",38.214469,-90.3878563,+14793589274,https://locations.7brew.com/mo/festus/606-south-truman-boulevard,2026-09-09
8180 N Lindbergh Blvd,Florissant,MO,63031,"Mo,Tu,We,Th,Su 05:30-22:00 | Fr,Sa 05:30-23:00",38.789479,-90.346394,+14793589274,https://locations.7brew.com/mo/florissant/8180-n-lindbergh-blvd,2026-09-09
2220 S M 291 HWY,Independence,MO,64050,"Mo,Tu,We,Th,Su 05:30-22:00 | Fr,Sa 05:30-23:00",39.0782124,-94.3798291,+18163003624,https://locations.7brew.com/mo/independence/2220-s-m-291-hwy,2026-09-09
1807 Missouri Blvd,Jefferson City,MO,65109,"Mo,Tu,We,Th,Su 05:30-22:00 | Fr,Sa 05:30-23:00",38.5804858,-92.20017109999999,+15736914893,https://locations.7brew.com/mo/jefferson-city/1807-missouri-blvd,2026-09-09
3347 S Rangeline Rd,Joplin,MO,64804,"Mo,Tu,We,Th,Su 05:30-22:00 | Fr,Sa 05:30-23:00",37.0522466,-94.4780104,+14176219873,https://locations.7brew.com/mo/joplin/3347-s-rangeline-rd,2026-09-09
2505 NE Vivion Rd,Kansas City,MO,64118,"Mo,Tu,We,Th,Su 05:30-22:00 | Fr,Sa 05:30-23:00",39.1856801,-94.5493416,+18163003622,https://locations.7brew.com/mo/kansas-city/2505-ne-vivion-rd,2026-09-09
9001 Northwest Skyview Avenue,Kansas City,MO,64154,"Mo,Tu,We,Th,Su 05:30-22:00 | Fr,Sa 05:30-23:00",39.2639641,-94.6565213,+14793589274,https://locations.7brew.com/mo/kansas-city/9001-northwest-skyview-avenue,2026-09-09
1147 S Kirkwood Rd,Kirkwood,MO,63122,"Mo,Tu,We,Th,Su 05:30-22:00 | Fr,Sa 05:30-23:00",38.564063,-90.407283,+14793589274,https://locations.7brew.com/mo/kirkwood/1147-s-kirkwood-rd,2026-09-09
8310 Old Hwy N,Lake St Louis,MO,63367,"Mo,Tu,We,Th,Su 05:30-22:00 | Fr,Sa 05:30-23:00",38.7622046,-90.7848231,+14793589274,https://locations.7brew.com/mo/lake-st-louis/8310-old-hwy-n,2026-09-09
1087 S Jefferson Ave,Lebanon,MO,65536-3672,"Mo,Tu,We,Th,Su 05:30-22:00 | Fr,Sa 05:30-23:00",37.670426,-92.651164,+14176573201,https://locations.7brew.com/mo/lebanon/1087-s-jefferson-ave,2026-09-09
1430 NE Douglas St,Lee's Summit,MO,64086,"Mo,Tu,We,Th,Su 05:30-22:00 | Fr,Sa 05:30-23:00",38.9378399,-94.3789139,+18164775542,https://locations.7brew.com/mo/lees-summit/1430-ne-douglas-st,2026-09-09
3224 Lusk Dr,Neosho,MO,64850,"Mo,Tu,We,Th,Su 05:30-22:00 | Fr,Sa 05:30-23:00",36.8406761,-94.3951217,+14793589274,https://locations.7brew.com/mo/neosho/3224-lusk-dr,2026-09-09
415 North McCroskey Street,Nixa,MO,65714,"Mo,Tu,We,Th,Su 05:30-22:00 | Fr,Sa 05:30-23:00",37.0513891,-93.3019934,+14793589274,https://locations.7brew.com/mo/nixa/415-north-mccroskey-street,2026-09-09
1580 State Hwy K,O'Fallon,MO,63366,"Mo,Tu,We,Th,Su 05:30-22:00 | Fr,Sa 05:30-23:00",38.7874477,-90.6992448,+14793589274,https://locations.7brew.com/mo/ofallon/1580-state-hwy-k,2026-09-09
3600 Monticello Plaza Dr,O'Fallon,MO,63368,"Mo,Tu,We,Th,Su 05:30-22:00 | Fr,Sa 05:30-23:00",38.7327976,-90.6912549,+14793589274,https://locations.7brew.com/mo/ofallon/3600-monticello-plaza-dr,2026-09-09
1630 West South Street,Ozark,MO,65721,"Mo,Tu,We,Th,Su 05:30-22:00 | Fr,Sa 05:30-23:00",37.0046171,-93.22196679999999,+14793589274,https://locations.7brew.com/mo/ozark/1630-west-south-street,2026-09-09
1234 U.S. 60,Republic,MO,65738,"Mo,Tu,We,Th,Su 05:30-22:00 | Fr,Sa 05:30-23:00",37.1299409,-93.4587208,+14793589274,https://locations.7brew.com/mo/republic/1234-u.s.-60,2026-09-09
700 N Bishop,Rolla,MO,65401,"Mo,Tu,We,Th,Su 05:30-22:00 | Fr,Sa 05:30-23:00",37.9494245,-91.7768451,+14793589274,https://locations.7brew.com/mo/rolla/700-n-bishop,2026-09-09
2901 West Broadway Boulevard,Sedalia,MO,65301,"Mo,Tu,We,Th,Su 05:30-22:00 | Fr,Sa 05:30-23:00",38.706775,-93.26142399999999,+14793589274,https://locations.7brew.com/mo/sedalia/2901-west-broadway-boulevard,2026-09-09
1320 South Main Street,Sikeston,MO,63801,"Mo,Tu,We,Th,Su 05:30-22:00 | Fr,Sa 05:30-23:00",36.858265,-89.5823849,+14793589274,https://locations.7brew.com/mo/sikeston/1320-south-main-street,2026-09-09
1455 W Battlefield Rd,Springfield,MO,65807,"Mo,Tu,We,Th,Su 05:30-22:00 | Fr,Sa 05:30-23:00",37.160352,-93.3121726,+14172901002,https://locations.7brew.com/mo/springfield/1455-w-battlefield-rd,2026-09-09
1521 E Battlefield Rd,Springfield,MO,65804,"Mo,Tu,We,Th,Su 05:30-22:00 | Fr,Sa 05:30-23:00",37.1596476,-93.2693288,+14793589274,https://locations.7brew.com/mo/springfield/1521-e-battlefield-rd,2026-09-09
2317 North Glenstone Avenue,Springfield,MO,65803,"Mo,Tu,We,Th,Su 05:30-22:00 | Fr,Sa 05:30-23:00",37.238565,-93.261448,+14172901001,https://locations.7brew.com/mo/springfield/2317-north-glenstone-avenue,2026-09-09
2740 North Kansas Expressway,Springfield,MO,65803,"Mo,Tu,We,Th,Su 05:30-22:00 | Fr,Sa 05:30-23:00",37.2477707,-93.31028239999999,+14793589274,https://locations.7brew.com/mo/springfield/2740-north-kansas-expressway,2026-09-09
2970 E Sunshine St,Springfield,MO,65804-2051,"Mo,Tu,We,Th,Su 05:30-22:00 | Fr,Sa 05:30-23:00",37.1797049,-93.2351716,+14172901003,https://locations.7brew.com/mo/springfield/2970-e-sunshine-st,2026-09-09
333 S Western Ave,Springfield,MO,65802,"Mo,Tu,We,Th,Su 05:30-22:00 | Fr,Sa 05:30-23:00",37.208373,-93.347862,+14172901005,https://locations.7brew.com/mo/springfield/333-s-western-ave,2026-09-09
354 W Buena Vista,Springfield,MO,65810,"Mo,Tu,We,Th,Su 05:30-22:00 | Fr,Sa 05:30-23:00",37.131077,-93.29563019999999,+14793589274,https://locations.7brew.com/mo/springfield/354-w-buena-vista,2026-09-09
404 E Sunshine,Springfield,MO,65807,"Mo,Tu,We,Th,Su 05:30-21:00 | Fr,Sa 05:30-22:00",37.18188689999999,-93.2901303,+14793589274,https://locations.7brew.com/mo/springfield/404-e-sunshine,2026-09-09
1698 Country Club Plaza Dr,St Charles,MO,63303,"Mo,Tu,We,Th,Su 05:30-22:00 | Fr,Sa 05:30-23:00",38.768746,-90.522837,+14793589274,https://locations.7brew.com/mo/st-charles/1698-country-club-plaza-dr,2026-09-09
6536 Chippewa St,St Louis,MO,63109,"Mo,Tu,We,Th,Su 05:30-22:00 | Fr,Sa 05:30-23:00",38.591293,-90.303517,+14793589274,https://locations.7brew.com/mo/st-louis/6536-chippewa-st,2026-09-09
355 Mid Rivers Mall,St. Peters,MO,63376,"Mo,Tu,We,Th,Su 05:30-22:00 | Fr,Sa 05:30-23:00",38.7905956,-90.62597249999999,+14793589274,https://locations.7brew.com/mo/st.-peters/355-mid-rivers-mall,2026-09-09
198 State Highway 47,Troy,MO,63379,"Mo,Tu,We,Th,Su 05:30-22:00 | Fr,Sa 05:30-23:00",38.9864605,-90.9710004,+14793589274,https://locations.7brew.com/mo/troy/198-state-highway-47,2026-09-09
8688 Olive Boulevard,University City,MO,63114,"Mo,Tu,We,Th,Su 05:30-22:00 | Fr,Sa 05:30-23:00",38.6738208,-90.3608515,+14793589274,https://locations.7brew.com/mo/university-city/8688-olive-boulevard,2026-09-09
300 E Russell,Warrensburg,MO,64093,"Mo,Tu,We,Th,Su 05:30-22:00 | Fr,Sa 05:30-23:00",38.7726668,-93.73484160000001,+14793589274,https://locations.7brew.com/mo/warrensburg/300-e-russell,2026-09-09
10001 Manchester Rd,Warson Woods,MO,63122,"Mo,Tu,We,Th,Su 05:30-22:00 | Fr,Sa 05:30-23:00",38.6036711,-90.3847382,+14793589274,https://locations.7brew.com/mo/warson-woods/10001-manchester-rd,2026-09-09
1312 S Madison St,Webb City,MO,64870,"Mo,Tu,We,Th,Su 05:30-22:00 | Fr,Sa 05:30-23:00",37.131794,-94.475823,+14793589274,https://locations.7brew.com/mo/webb-city/1312-s-madison-st,2026-09-09
1540 Wentzville Pkwy,Wentzville,MO,63385,"Mo,Tu,We,Th,Su 05:30-22:00 | Fr,Sa 05:30-23:00",38.82435,-90.875489,+14793589274,https://locations.7brew.com/mo/wentzville/1540-wentzville-pkwy,2026-09-09
1343 Southern Hills Center,West Plains,MO,65775,"Mo,Tu,We,Th,Su 05:30-22:00 | Fr,Sa 05:30-23:00",36.7167581,-91.8729597,+14793589274,https://locations.7brew.com/mo/west-plains/1343-southern-hills-center,2026-09-09
2366 Pass Road,Biloxi,MS,39531,"Mo,Tu,We,Th,Su 05:30-22:00 | Fr,Sa 05:30-23:00",30.4020942,-88.9739929,+14793589274,https://locations.7brew.com/ms/biloxi/2366-pass-road,2026-09-09
804 Brookway Boulevard,Brookhaven,MS,39601,"Mo,Tu,We,Th,Su 05:30-22:00 | Fr,Sa 05:30-23:00",31.5796374,-90.4615344,+14793589274,https://locations.7brew.com/ms/brookhaven/804-brookway-boulevard,2026-09-09
401 E Sunflower Rd,Cleveland,MS,38732,"Mo,Tu,We,Th,Su 05:30-22:00 | Fr,Sa 05:30-23:00",33.7478167,-90.7180573,+14793589274,https://locations.7brew.com/ms/cleveland/401-e-sunflower-rd,2026-09-09
107 Hwy 80 W,Clinton,MS,39056,"Mo,Tu,We,Th,Su 05:30-22:00 | Fr,Sa 05:30-23:00",32.334879,-90.325436,+14793589274,https://locations.7brew.com/ms/clinton/107-hwy-80-w,2026-09-09
950 Hwy 98 BYP,Columbia,MS,39429,"Mo,Tu,We,Th,Su 05:30-22:00 | Fr,Sa 05:30-23:00",31.2342042,-89.822483,+14793589274,https://locations.7brew.com/ms/columbia/950-hwy-98-byp,2026-09-09
1350 US-72W,Corinth,MS,38834,"Mo,Tu,We,Th,Su 05:30-22:00 | Fr,Sa 05:30-23:00",34.93077525,-88.53701942,+14793589274,https://locations.7brew.com/ms/corinth/1350-us-72w,2026-09-09
3546 Sangani Boulevard,D'Iberville,MS,39540,"Mo,Tu,We,Th,Su 05:30-22:00 | Fr,Sa 05:30-23:00",30.4589312,-88.8931219,+14793589274,https://locations.7brew.com/ms/diberville/3546-sangani-boulevard,2026-09-09
137 E. Pineview,Flowood,MS,39232,"Mo,Tu,We,Th,Su 05:30-22:00 | Fr,Sa 05:30-23:00",32.3554719,-90.0221636,+14793589274,https://locations.7brew.com/ms/flowood/137-e.-pineview,2026-09-09
1637 Mississippi 1,Greenville,MS,38701,"Mo,Tu,We,Th,Fr,Sa,Su 05:30-21:00",33.377113,-91.039661,+14793589274,https://locations.7brew.com/ms/greenville/1637-mississippi-1,2026-09-09
12023 U.S. 49,Gulfport,MS,39503,"Mo,Tu,We,Th,Su 05:30-22:00 | Fr,Sa 05:30-23:00",30.4577107,-89.1007774,+14793589274,https://locations.7brew.com/ms/gulfport/12023-u.s.-49,2026-09-09
3509 Hardy Street,Hattiesburg,MS,39402,"Mo,Tu,We,Th,Su 05:30-22:00 | Fr,Sa 05:30-23:00",31.3252507,-89.3428366,+14793589274,https://locations.7brew.com/ms/hattiesburg/3509-hardy-street,2026-09-09
5032 U.S. 98,Hattiesburg,MS,39402,"Mo,Tu,We,Th,Su 05:30-22:00 | Fr,Sa 05:30-23:00",31.3220227,-89.370589,+14793589274,https://locations.7brew.com/ms/hattiesburg/5032-u.s.-98,2026-09-09
1604 W Hwy 84,Laurel,MS,39440,"Mo,Tu,We,Th,Su 05:30-22:00 | Fr,Sa 05:30-23:00",31.69411079999999,-89.14718309999999,+14793589274,https://locations.7brew.com/ms/laurel/1604-w-hwy-84,2026-09-09
2875 Bienville Boulevard,Ocean Springs,MS,39564,"Mo,Tu,We,Th,Su 05:30-22:00 | Fr,Sa 05:30-23:00",30.414154,-88.788947,+14793589274,https://locations.7brew.com/ms/ocean-springs/2875-bienville-boulevard,2026-09-09
6893 Goodman Road East,Olive Branch,MS,38654,"Mo,Tu,We,Th,Su 05:30-22:00 | Fr,Sa 05:30-23:00",34.96216247,-89.8688553,+14793589274,https://locations.7brew.com/ms/olive-branch/6893-goodman-road-east,2026-09-09
1615 University Avenue,Oxford,MS,38655,"Mo,Tu,We,Th,Su 05:30-22:00 | Fr,Sa 05:30-23:00",34.3635095,-89.5133733,+14793589274,https://locations.7brew.com/ms/oxford/1615-university-avenue,2026-09-09
5758 US-80,Pearl,MS,39208,"Mo,Tu,We,Th,Su 05:30-22:00 | Fr,Sa 05:30-23:00",32.2842186,-90.0390007,+14793589274,https://locations.7brew.com/ms/pearl/5758-us-80,2026-09-09
116 MS-12,Starkville,MS,39759,"Mo,Tu,We,Th,Su 05:30-22:00 | Fr,Sa 05:30-23:00",33.4545867,-88.816944,+14793589274,https://locations.7brew.com/ms/starkville/116-ms-12,2026-09-09
3312 Pemberton Square Boulevard,Vicksburg,MS,39180,"Mo,Tu,We,Th,Su 05:30-22:00 | Fr,Sa 05:30-23:00",32.3153742,-90.8786772,+14793589274,https://locations.7brew.com/ms/vicksburg/3312-pemberton-square-boulevard,2026-09-09
340 U.S. 90,Waveland,MS,39576,"Mo,Tu,We,Th,Su 05:30-22:00 | Fr,Sa 05:30-23:00",30.307232,-89.3766095,+14793589274,https://locations.7brew.com/ms/waveland/340-u.s.-90,2026-09-09
3100 North Montana Avenue,Helena,MT,59602,"Mo,Tu,We,Th,Su 05:30-22:00 | Fr,Sa 05:30-23:00",46.6168877,-112.0214274,+14793589274,https://locations.7brew.com/mt/helena/3100-north-montana-avenue,2026-09-09
619 NC 24-27 Bypass E,Albemarle,NC,28001,"Mo,Tu,We,Th,Su 05:30-22:00 | Fr,Sa 05:30-23:00",35.3436048,-80.1776027,+14793589274,https://locations.7brew.com/nc/albemarle/619-nc-24-27-bypass-e,2026-09-09
1302 Blowing Rock Road,Boone,NC,28607,"Mo,Tu,We,Th,Su 05:30-22:00 | Fr,Sa 05:30-23:00",36.202863,-81.665256,+14793589274,https://locations.7brew.com/nc/boone/1302-blowing-rock-road,2026-09-09
7116 North Carolina 73,Denver,NC,28037,"Mo,Tu,We,Th,Su 05:30-22:00 | Fr,Sa 05:30-23:00",35.449947,-81.0053842,+14793589274,https://locations.7brew.com/nc/denver/7116-north-carolina-73,2026-09-09
3104 Raeford Rd,Fayetteville,NC,28303,"Mo,Tu,We,Th,Su 05:30-22:00 | Fr,Sa 05:30-23:00",35.04515,-78.930826,+14793589274,https://locations.7brew.com/nc/fayetteville/3104-raeford-rd,2026-09-09
3307 Bragg Blvd,Fayetteville,NC,28303-3954,"Mo,Tu,We,Th,Su 05:30-22:00 | Fr,Sa 05:30-23:00",35.076227,-78.934626,+19109300619,https://locations.7brew.com/nc/fayetteville/3307-bragg-blvd,2026-09-09
706 North Berkeley Boulevard,Goldsboro,NC,27534,"Mo,Tu,We,Th,Su 05:30-22:00 | Fr,Sa 05:30-23:00",35.3763294,-77.93991319999999,+14793589274,https://locations.7brew.com/nc/goldsboro/706-north-berkeley-boulevard,2026-09-09
2420 Battleground Avenue,Greensboro,NC,27408,"Mo,Tu,We,Th,Su 05:30-22:00 | Fr,Sa 05:30-23:00",36.1043334,-79.82487739999999,+14793589274,https://locations.7brew.com/nc/greensboro/2420-battleground-avenue,2026-09-09
1805 E. Fire Tower Rd,Greenville,NC,27858,"Mo,Tu,We,Th,Su 05:30-22:00 | Fr,Sa 05:30-23:00",35.5656399,-77.3590222,+14793589274,https://locations.7brew.com/nc/greenville/1805-e.-fire-tower-rd,2026-09-09
3814 South Memorial Drive,Greenville,NC,28590,"Mo,Tu,We,Th,Su 05:30-22:00 | Fr,Sa 05:30-23:00",35.559945,-77.406435,+14793589274,https://locations.7brew.com/nc/greenville/3814-south-memorial-drive,2026-09-09
1858 US Hwy 70 SE,Hickory,NC,28602,"Mo,Tu,We,Th,Su 05:30-22:00 | Fr,Sa 05:30-23:00",35.7066304,-81.3065908,+14793589274,https://locations.7brew.com/nc/hickory/1858-us-hwy-70-se,2026-09-09
2500 North Main Street,High Point,NC,27262,"Mo,Tu,We,Th,Su 05:30-22:00 | Fr,Sa 05:30-23:00",35.989749,-80.026955,+14793589274,https://locations.7brew.com/nc/high-point/2500-north-main-street,2026-09-09
4115 Andres Ave,High Point,NC,27265,"Mo,Tu,We,Th,Su 05:30-22:00 | Fr,Sa 05:30-23:00",36.0321594,-79.9558746,+14793589274,https://locations.7brew.com/nc/high-point/4115-andres-ave,2026-09-09
3030 Western Blvd.,Jacksonville,NC,28546,"Mo,Tu,We,Th,Su 05:30-22:00 | Fr,Sa 05:30-23:00",34.79434700000001,-77.40808299999999,+14793589274,https://locations.7brew.com/nc/jacksonville/3030-western-blvd.,2026-09-09
904 U.S. 401 Business,Laurinburg,NC,28352,"Mo,Tu,We,Th,Su 05:30-22:00 | Fr,Sa 05:30-23:00",34.7630345,-79.48073029999999,+14793589274,https://locations.7brew.com/nc/laurinburg/904-u.s.-401-business,2026-09-09
140 Blowing Rock Boulevard,Lenoir,NC,28645,"Mo,Tu,We,Th,Su 05:30-22:00 | Fr,Sa 05:30-23:00",35.9157615,-81.5242069,+14793589274,https://locations.7brew.com/nc/lenoir/140-blowing-rock-boulevard,2026-09-09
3453 Dr. M.L.K. Jr. Blvd,New Bern,NC,28562,"Mo,Tu,We,Th,Su 05:30-22:00 | Fr,Sa 05:30-23:00",35.0985754,-77.0972405,+14793589274,https://locations.7brew.com/nc/new-bern/3453-dr.-m.l.k.-jr.-blvd,2026-09-09
1250 E Broad Ave,Rockingham,NC,28379,"Mo,Tu,We,Th,Su 05:30-22:00 | Fr,Sa 05:30-23:00",34.9225217,-79.7518483,+14793589274,https://locations.7brew.com/nc/rockingham/1250-e-broad-ave,2026-09-09
4530 Main Street,Shallotte,NC,28470,"Mo,Tu,We,Th,Su 05:30-22:00 | Fr,Sa 05:30-23:00",33.9819563,-78.372327,+14793589274,https://locations.7brew.com/nc/shallotte/4530-main-street,2026-09-09
1776 E Dixon Blvd,Shelby,NC,28152,"Mo,Tu,We,Th,Su 05:30-22:00 | Fr,Sa 05:30-23:00",35.271905,-81.497544,+14793589274,https://locations.7brew.com/nc/shelby/1776-e-dixon-blvd,2026-09-09
1266 North Brightleaf Boulevard,Smithfield,NC,27577,"Mo,Tu,We,Th,Su 05:30-22:00 | Fr,Sa 05:30-23:00",35.5193676,-78.3117505,+14793589274,https://locations.7brew.com/nc/smithfield/1266-north-brightleaf-boulevard,2026-09-09
200 South Bragg Boulevard,Spring Lake,NC,28390-3929,"Mo,Tu,We,Th,Su 05:30-22:00 | Fr,Sa 05:30-23:00",35.164997,-78.972748,+19109300620,https://locations.7brew.com/nc/spring-lake/200-south-bragg-boulevard,2026-09-09
1828 W US-421,Wilkesboro,NC,28697,"Mo,Tu,We,Th,Su 05:30-22:00 | Fr,Sa 05:30-23:00",36.150742,-81.194111,+14793589274,https://locations.7brew.com/nc/wilkesboro/1828-w-us-421,2026-09-09
2625 State Street,Bismarck,ND,58503,"Mo,Tu,We,Th,Su 05:30-22:00 | Fr,Sa 05:30-23:00",46.83545,-100.7697833,+14793589274,https://locations.7brew.com/nd/bismarck/2625-state-street,2026-09-09
2900 52nd Avenue South,Fargo,ND,58104,"Mo,Tu,We,Th,Su 05:30-22:00 | Fr,Sa 05:30-23:00",46.799788,-96.827128,+14793589274,https://locations.7brew.com/nd/fargo/2900-52nd-avenue-south,2026-09-09
3341 32nd Avenue South,Grand Forks,ND,58201,"Mo,Tu,We,Th,Su 05:30-22:00 | Fr,Sa 05:30-23:00",47.88887680000001,-97.0764871,+14793589274,https://locations.7brew.com/nd/grand-forks/3341-32nd-avenue-south,2026-09-09
1520 S Broadway,Minot,ND,58701,"Mo,Tu,We,Th,Su 05:30-22:00 | Fr,Sa 05:30-23:00",48.219103,-101.2965753,+14793589274,https://locations.7brew.com/nd/minot/1520-s-broadway,2026-09-09
1450 13th Avenue East,West Fargo,ND,58078,"Mo,Tu,We,Th,Su 05:30-22:00 | Fr,Sa 05:30-23:00",46.8625279,-96.87658139999999,+14793589274,https://locations.7brew.com/nd/west-fargo/1450-13th-avenue-east,2026-09-09
3318 3rd Ave W,Williston,ND,58801,"Mo,Tu,We,Th,Su 05:30-22:00 | Fr,Sa 05:30-23:00",48.1756924,-103.6270189,+14793589274,https://locations.7brew.com/nd/williston/3318-3rd-ave-w,2026-09-09
18236 Evans St,Elkhorn,NE,68022,"Mo,Tu,We,Th,Su 05:30-22:00 | Fr,Sa 05:30-23:00",41.2906067,-96.2005367,+14793589274,https://locations.7brew.com/ne/elkhorn/18236-evans-st,2026-09-09
3440 Elk Lane,Fremont,NE,68025,"Mo,Tu,We,Th,Su 05:30-22:00 | Fr,Sa 05:30-23:00",41.450643,-96.45249199999999,+14793589274,https://locations.7brew.com/ne/fremont/3440-elk-lane,2026-09-09
1480 Diers Ave,Grand Island,NE,68803,"Mo,Tu,We,Th,Su 05:30-22:00 | Fr,Sa 05:30-23:00",40.9339751,-98.38450309999999,+14793589274,https://locations.7brew.com/ne/grand-island/1480-diers-ave,2026-09-09
1201 2nd Ave,Kearney,NE,68847,"Mo,Tu,We,Th,Su 05:30-22:00 | Fr,Sa 05:30-23:00",40.686496,-99.084299,+14793589274,https://locations.7brew.com/ne/kearney/1201-2nd-ave,2026-09-09
2504 O Street,Lincoln,NE,68510,"Mo,Tu,We,Th,Su 05:30-22:00 | Fr,Sa 05:30-23:00",40.81394,-96.6846977,+14793589274,https://locations.7brew.com/ne/lincoln/2504-o-street,2026-09-09
3320 North 27th Street,Lincoln,NE,68521,"Mo,Tu,We,Th,Su 05:30-22:00 | Fr,Sa 05:30-23:00",40.8452305,-96.6814294,+14793589274,https://locations.7brew.com/ne/lincoln/3320-north-27th-street,2026-09-09
5302 S 56th St,Lincoln,NE,68516,"Mo,Tu,We,Th,Su 05:30-22:00 | Fr,Sa 05:30-23:00",40.7594594,-96.64363329999999,+14793589274,https://locations.7brew.com/ne/lincoln/5302-s-56th-st,2026-09-09
5655 O St,Lincoln,NE,68510,"Mo,Tu,We,Th,Su 05:30-22:00 | Fr,Sa 05:30-23:00",40.8131187,-96.6427255,+14793589274,https://locations.7brew.com/ne/lincoln/5655-o-st,2026-09-09
1304 W Omaha,Norfolk,NE,68701,"Mo,Tu,We,Th,Su 05:30-22:00 | Fr,Sa 05:30-23:00",42.0188479,-97.4281508,+14793589274,https://locations.7brew.com/ne/norfolk/1304-w-omaha,2026-09-09
909 S Dewey St,North Platte,NE,69101,"Mo,Tu,We,Th,Su 05:30-22:00 | Fr,Sa 05:30-23:00",41.1256069,-100.7625058,+14793589274,https://locations.7brew.com/ne/north-platte/909-s-dewey-st,2026-09-09
3619 South Lincoln Avenue,York,NE,68467,"Mo,Tu,We,Th,Su 05:30-22:00 | Fr,Sa 05:30-23:00",40.82763660000001,-97.59632920000001,+14793589274,https://locations.7brew.com/ne/york/3619-south-lincoln-avenue,2026-09-09
1005 Raritan Road,Clark,NJ,07066,"Mo,Tu,We,Th,Su 05:30-22:00 | Fr,Sa 05:30-23:00",40.626034,-74.316494,+14793589274,https://locations.7brew.com/nj/clark/1005-raritan-road,2026-09-09
1390 Blackwood-Clementon Road,Clementon,NJ,08021,"Mo,Tu,We,Th,Su 05:30-22:00 | Fr,Sa 05:30-23:00",39.8033093,-75.03562029999999,+14793589274,https://locations.7brew.com/nj/clementon/1390-blackwood-clementon-road,2026-09-09
6026 Black Horse Pike,Egg Harbor,NJ,08234,"Mo,Tu,We,Th,Su 05:30-22:00 | Fr,Sa 05:30-23:00",39.43750199999999,-74.61342259999999,+14793589274,https://locations.7brew.com/nj/egg-harbor/6026-black-horse-pike,2026-09-09
2814 New Jersey 35,Hazlet,NJ,07730,"Mo,Tu,We,Th,Su 05:30-22:00 | Fr,Sa 05:30-23:00",40.4166905,-74.1701834,+14793589274,https://locations.7brew.com/nj/hazlet/2814-new-jersey-35,2026-09-09
3402 Route 9 South,Rio Grande,NJ,08242,"Mo,Tu,We,Th,Su 05:30-22:00 | Fr,Sa 05:30-23:00",39.0156862,-74.874506,+14793589274,https://locations.7brew.com/nj/rio-grande/3402-route-9-south,2026-09-09
528 Berlin Cross Keys Road,Sicklerville,NJ,08081,"Mo,Tu,We,Th,Su 05:30-22:00 | Fr,Sa 05:30-23:00",39.7432852,-74.9952402,+14793589274,https://locations.7brew.com/nj/sicklerville/528-berlin-cross-keys-road,2026-09-09
1358 Hooper Avenue,Toms River,NJ,08753,"Mo,Tu,We,Th,Su 05:30-22:00 | Fr,Sa 05:30-23:00",39.9906122,-74.1777699,+14793589274,https://locations.7brew.com/nj/toms-river/1358-hooper-avenue,2026-09-09
5200 Route 42,Turnersville,NJ,08012,"Mo,Tu,We,Th,Su 05:30-22:00 | Fr,Sa 05:30-23:00",39.7525166,-75.045352,,https://locations.7brew.com/nj/turnersville/5200-route-42,2026-09-09
1234 West Landis Avenue,Vineland,NJ,08360,"Mo,Tu,We,Th,Su 05:30-22:00 | Fr,Sa 05:30-23:00",39.4877004,-75.0491358,+14793589274,https://locations.7brew.com/nj/vineland/1234-west-landis-avenue,2026-09-09
3835 Coors Boulevard Northwest,Albuquerque,NM,87120,"Mo,Tu,We,Th,Su 05:30-22:00 | Fr,Sa 05:30-23:00",35.1264689,-106.7022112,+14793589274,https://locations.7brew.com/nm/albuquerque/3835-coors-boulevard-northwest,2026-09-09
4331 Wyoming Blvd NE,Albuquerque,NM,87109,"Mo,Tu,We,Th,Su 05:30-22:00 | Fr,Sa 05:30-23:00",35.1293236,-106.5515623,+14793589274,https://locations.7brew.com/nm/albuquerque/4331-wyoming-blvd-ne,2026-09-09
1102 W Main St.,Artesia,NM,88210,"Mo,Tu,We,Th,Su 05:30-22:00 | Fr,Sa 05:30-23:00",32.8424893,-104.409996,+14793589274,https://locations.7brew.com/nm/artesia/1102-w-main-st.,2026-09-09
1102 West Pierce Street,Carlsbad,NM,88220,"Mo,Tu,We,Th,Su 05:30-22:00 | Fr,Sa 05:30-23:00",32.4357272,-104.227213,+14793589274,https://locations.7brew.com/nm/carlsbad/1102-west-pierce-street,2026-09-09
2609 North Prince Street,Clovis,NM,88101,"Mo,Tu,We,Th,Su 05:30-22:00 | Fr,Sa 05:30-23:00",34.4241229,-103.1961026,+14793589274,https://locations.7brew.com/nm/clovis/2609-north-prince-street,2026-09-09
599 Valley Drive,Española,NM,87532,"Mo,Tu,We,Th,Su 05:30-22:00 | Fr,Sa 05:30-23:00",36.0160297,-106.062235,+14793589274,https://locations.7brew.com/nm/espa%C3%B1ola/599-valley-drive,2026-09-09
4109 East Main Street,Farmington,NM,87402,"Mo,Tu,We,Th,Su 05:30-22:00 | Fr,Sa 05:30-23:00",36.758606,-108.154045,+14793589274,https://locations.7brew.com/nm/farmington/4109-east-main-street,2026-09-09
1425 North Turner Street,Hobbs,NM,88240,"Mo,Tu,We,Th,Su 05:30-22:00 | Fr,Sa 05:30-23:00",32.7146809,-103.1384798,+14793589274,https://locations.7brew.com/nm/hobbs/1425-north-turner-street,2026-09-09
2010 Southern Blvd SE,Rio Rancho,NM,87124,"Mo,Tu,We,Th,Su 05:30-22:00 | Fr,Sa 05:30-23:00",35.2410639,-106.6958387,+14793589274,https://locations.7brew.com/nm/rio-rancho/2010-southern-blvd-se,2026-09-09
2813 N Main St,Roswell,NM,88201,"Mo,Tu,We,Th,Su 05:30-22:00 | Fr,Sa 05:30-23:00",33.430252,-104.522744,+14793589274,https://locations.7brew.com/nm/roswell/2813-n-main-st,2026-09-09
3999 Maple Road,Amherst,NY,14226,"Mo,Tu,We,Th,Su 05:30-22:00 | Fr,Sa 05:30-23:00",42.9904811,-78.815091,+14793589274,https://locations.7brew.com/ny/amherst/3999-maple-road,2026-09-09
153 Grant Avenue,Auburn,NY,13021,"Mo,Tu,We,Th,Su 05:30-22:00 | Fr,Sa 05:30-23:00",42.9449054,-76.5514422,+14793589274,https://locations.7brew.com/ny/auburn/153-grant-avenue,2026-09-09
1322 Front St,Binghamton,NY,13901,"Mo,Tu,We,Th,Su 05:30-22:00 | Fr,Sa 05:30-23:00",42.1620867,-75.8924862,+14793589274,https://locations.7brew.com/ny/binghamton/1322-front-st,2026-09-09
6517 Brockport Spencerport Road,Brockport,NY,14420,"Mo,Tu,We,Th,Su 05:30-22:00 | Fr,Sa 05:30-23:00",43.1980412,-77.94308219999999,+14793589274,https://locations.7brew.com/ny/brockport/6517-brockport-spencerport-road,2026-09-09
160 Eastern Boulevard,Canandaigua,NY,14424,"Mo,Tu,We,Th,Su 05:30-22:00 | Fr,Sa 05:30-23:00",42.87874679999999,-77.2633187,+14793589274,https://locations.7brew.com/ny/canandaigua/160-eastern-boulevard,2026-09-09
1893 Central Ave,Colonie,NY,12205,"Mo,Tu,We,Th,Su 05:30-22:00 | Fr,Sa 05:30-23:00",42.735529,-73.8524899,+14793589274,https://locations.7brew.com/ny/colonie/1893-central-ave,2026-09-09
879 NY 13,Cortland,NY,13045,"Mo,Tu,We,Th,Su 05:30-22:00 | Fr,Sa 05:30-23:00",42.57483209999999,-76.217365,+14793589274,https://locations.7brew.com/ny/cortland/879-ny-13,2026-09-09
10518 Bennett Road,Dunkirk,NY,14048,"Mo,Tu,We,Th,Su 05:30-22:00 | Fr,Sa 05:30-23:00",42.4580174,-79.3103341,+14793589274,https://locations.7brew.com/ny/dunkirk/10518-bennett-road,2026-09-09
2833 West Ridge Road,Greece,NY,14626,"Mo,Tu,We,Th,Su 05:30-22:00 | Fr,Sa 05:30-23:00",43.2103319,-77.7081182,+14793589274,https://locations.7brew.com/ny/greece/2833-west-ridge-road,2026-09-09
230 North Comrie Ave,Johnstown,NY,12095,"Mo,Tu,We,Th,Su 05:30-22:00 | Fr,Sa 05:30-23:00",43.0152799,-74.3606243,+14793589274,https://locations.7brew.com/ny/johnstown/230-north-comrie-ave,2026-09-09
5770 South Transit Road,Lockport,NY,14094,"Mo,Tu,We,Th,Su 05:30-22:00 | Fr,Sa 05:30-23:00",43.145241,-78.698918,+14793589274,https://locations.7brew.com/ny/lockport/5770-south-transit-road,2026-09-09
4796 Commercial Dr,New Hartford,NY,13413,"Mo,Tu,We,Th,Su 05:30-22:00 | Fr,Sa 05:30-23:00",43.0953798,-75.3045238,+14793589274,https://locations.7brew.com/ny/new-hartford/4796-commercial-dr,2026-09-09
7202 Niagara Falls Boulevard,Niagara Falls,NY,14304,"Mo,Tu,We,Th,Su 05:30-22:00 | Fr,Sa 05:30-23:00",43.0883042,-78.9818329,+14793589274,https://locations.7brew.com/ny/niagara-falls/7202-niagara-falls-boulevard,2026-09-09
240 New York 104,Oswego,NY,13126,"Mo,Tu,We,Th,Su 05:30-22:00 | Fr,Sa 05:30-23:00",43.4607148,-76.4845113,+14793589274,https://locations.7brew.com/ny/oswego/240-new-york-104,2026-09-09
754 Glen Street,Queensbury,NY,12804,"Mo,Tu,We,Th,Su 05:30-22:00 | Fr,Sa 05:30-23:00",43.3293777,-73.6702125,+14793589274,https://locations.7brew.com/ny/queensbury/754-glen-street,2026-09-09
533 North Greenbush Road,Rensselaer,NY,12144,"Mo,Tu,We,Th,Su 05:30-22:00 | Fr,Sa 05:30-23:00",42.65334439999999,-73.694743,+14793589274,https://locations.7brew.com/ny/rensselaer/533-north-greenbush-road,2026-09-09
830 Jefferson Rd,Rochester,NY,14623,"Mo,Tu,We,Th,Su 05:30-22:00 | Fr,Sa 05:30-23:00",43.087826,-77.615161,+14793589274,https://locations.7brew.com/ny/rochester/830-jefferson-rd,2026-09-09
201 Erie Boulevard West,Rome,NY,13440,"Mo,Tu,We,Th,Su 05:30-22:00 | Fr,Sa 05:30-23:00",43.2118599,-75.4618807,+14793589274,https://locations.7brew.com/ny/rome/201-erie-boulevard-west,2026-09-09
2410 Watts St,Schenectady,NY,12304,"Mo,Tu,We,Th,Su 05:30-22:00 | Fr,Sa 05:30-23:00",42.7835645,-73.9147662,+14793589274,https://locations.7brew.com/ny/schenectady/2410-watts-st,2026-09-09
3906 Brewerton Road,Syracuse,NY,13212,"Mo,Tu,We,Th,Su 05:30-22:00 | Fr,Sa 05:30-23:00",43.1206865,-76.1423195,+14793589274,https://locations.7brew.com/ny/syracuse/3906-brewerton-road,2026-09-09
100 Plaza Dr.,Vestal,NY,13850,"Mo,Tu,We,Th,Su 05:30-22:00 | Fr,Sa 05:30-23:00",42.093137,-75.954857,+16076588764,https://locations.7brew.com/ny/vestal/100-plaza-dr.,2026-09-09
1068 Arsenal Street,Watertown,NY,13601,"Mo,Tu,We,Th,Su 05:30-22:00 | Fr,Sa 05:30-23:00",43.97741490000001,-75.93751309999999,+14793589274,https://locations.7brew.com/ny/watertown/1068-arsenal-street,2026-09-09
1960 Empire Boulevard,Webster,NY,14580,"Mo,Tu,We,Th,Su 05:30-22:00 | Fr,Sa 05:30-23:00",43.1929142,-77.5016984,+14793589274,https://locations.7brew.com/ny/webster/1960-empire-boulevard,2026-09-09
729 U.S. 250 E,Ashland,OH,44805,"Mo,Tu,We,Th,Fr,Sa,Su 05:30-23:00",40.9564794,-82.3637377,,https://locations.7brew.com/oh/ashland/729-u.s.-250-e,2026-09-09
2550 N Fairfield Rd,Beavercreek,OH,45431,"Mo,Tu,We,Th,Su 05:30-22:00 | Fr,Sa 05:30-23:00",39.764495,-84.05138330000001,+14793589274,https://locations.7brew.com/oh/beavercreek/2550-n-fairfield-rd,2026-09-09
2180 South Main Street,Bellefontaine,OH,43311,"Mo,Tu,We,Th,Fr,Sa,Su 05:30-23:00",40.3300024,-83.76162149999999,+14793589274,https://locations.7brew.com/oh/bellefontaine/2180-south-main-street,2026-09-09
3695 Center Road,Brunswick,OH,44212,"Mo,Tu,We,Th,Fr,Sa,Su 05:30-23:00",41.2386125,-81.8188962,+14793589274,https://locations.7brew.com/oh/brunswick/3695-center-road,2026-09-09
4405 Tuscarawas Street West,Canton,OH,44708,"Mo,Tu,We,Th,Fr,Sa,Su 05:30-23:00",40.796874,-81.42770139999999,+14793589274,https://locations.7brew.com/oh/canton/4405-tuscarawas-street-west,2026-09-09
1330 N Bridge St,Chillicothe,OH,45601,"Mo,Tu,We,Th,Fr,Sa,Su 05:30-23:00",39.3625683,-82.9766468,+14793589274,https://locations.7brew.com/oh/chillicothe/1330-n-bridge-st,2026-09-09
7753 Beechmont Avenue,Cincinnati,OH,45255,"Mo,Tu,We,Th,Fr,Sa,Su 05:30-23:00",39.07244120000001,-84.34241440000001,+14793589274,https://locations.7brew.com/oh/cincinnati/7753-beechmont-avenue,2026-09-09
9201 Fields Ertel Road,Cincinnati,OH,45249,"Mo,Tu,We,Th,Fr,Sa,Su 05:30-23:00",39.2910454,-84.3059666,+14793589274,https://locations.7brew.com/oh/cincinnati/9201-fields-ertel-road,2026-09-09
1288 Georgesville Road,Columbus,OH,43228,"Mo,Tu,We,Th,Fr,Sa,Su 05:30-23:00",39.9270381,-83.1161506,+14793589274,https://locations.7brew.com/oh/columbus/1288-georgesville-road,2026-09-09
2118 North High Street,Columbus,OH,43201,"Mo,Tu,We,Th,Fr,Sa,Su 06:00-23:00",40.0056035,-83.00880649999999,+14793589274,https://locations.7brew.com/oh/columbus/2118-north-high-street,2026-09-09
6252 Sawmill Rd,Columbus,OH,43017,"Mo,Tu,We,Th,Fr,Sa,Su 05:30-23:00",40.0932066,-83.0913214,+14793589274,https://locations.7brew.com/oh/columbus/6252-sawmill-rd,2026-09-09
8380 N High St,Columbus,OH,43235,"Mo,Tu,We,Th,Fr,Sa,Su 06:00-23:00",40.134196,-83.016117,+14793589274,https://locations.7brew.com/oh/columbus/8380-n-high-st,2026-09-09
699 Howe Ave,Cuyahoga Falls,OH,44221,"Mo,Tu,We,Th,Fr,Sa,Su 05:30-23:00",41.119406,-81.474221,+14793589274,https://locations.7brew.com/oh/cuyahoga-falls/699-howe-ave,2026-09-09
310 North Springboro Pike,Dayton,OH,45449,"Mo,Tu,We,Th,Su 05:30-22:00 | Fr,Sa 05:30-23:00",39.644081,-84.223961,+14793589274,https://locations.7brew.com/oh/dayton/310-north-springboro-pike,2026-09-09
1140 North Clinton Street,Defiance,OH,43512,"Mo,Tu,We,Th,Su 05:30-22:00 | Fr,Sa 05:30-23:00",41.3012309,-84.36099940000001,+14793589274,https://locations.7brew.com/oh/defiance/1140-north-clinton-street,2026-09-09
1424 Sunbury Rd,Delaware,OH,43015,"Mo,Tu,We,Th,Fr,Sa,Su 05:30-23:00",40.2918823,-83.02961859999999,+14793589274,https://locations.7brew.com/oh/delaware/1424-sunbury-rd,2026-09-09
1403 Wagner Ave,Greenville,OH,45331,"Mo,Tu,We,Th,Su 05:30-22:00 | Fr,Sa 05:30-23:00",40.1232722,-84.6208901,+14793589274,https://locations.7brew.com/oh/greenville/1403-wagner-ave,2026-09-09
1412 Main Street,Hamilton,OH,45013,"Mo,Tu,We,Th,Fr,Sa,Su 05:30-23:00",39.4244217,-84.5919493,+14793589274,https://locations.7brew.com/oh/hamilton/1412-main-street,2026-09-09
569 Hebron Road,Heath,OH,43056,"Mo,Tu,We,Th,Fr,Sa,Su 05:30-23:00",40.0371392,-82.4305869,+14793589274,https://locations.7brew.com/oh/heath/569-hebron-road,2026-09-09
4266 Cemetery Road,Hilliard,OH,43026,"Mo,Tu,We,Th,Fr,Sa,Su 05:30-23:00",40.0328255,-83.1304358,+14793589274,https://locations.7brew.com/oh/hilliard/4266-cemetery-road,2026-09-09
7605 Old Troy Pike,Huber Heights,OH,45424,"Mo,Tu,We,Th,Su 05:30-22:00 | Fr,Sa 05:30-23:00",39.8638773,-84.1383894,+14793589274,https://locations.7brew.com/oh/huber-heights/7605-old-troy-pike,2026-09-09
1637 N Memorial Dr,Lancaster,OH,43130,"Mo,Tu,We,Th,Fr,Sa,Su 05:30-23:00",39.731023,-82.615419,+14793589274,https://locations.7brew.com/oh/lancaster/1637-n-memorial-dr,2026-09-09
6270 Pullman Drive,Lewis Center,OH,43035,"Mo,Tu,We,Th,Fr,Sa,Su 05:30-23:00",40.2047145,-83.029321,+14793589274,https://locations.7brew.com/oh/lewis-center/6270-pullman-drive,2026-09-09
3194 Elida Road,Lima,OH,45805,"Mo,Tu,We,Th,Su 05:30-22:00 | Fr,Sa 05:30-23:00",40.769036,-84.1614351,+14793589274,https://locations.7brew.com/oh/lima/3194-elida-road,2026-09-09
5096 Mayfield Rd,Lyndhurst,OH,44124,"Mo,Tu,We,Th,Fr,Sa,Su 05:30-23:00",41.519485,-81.4942334,+14793589274,https://locations.7brew.com/oh/lyndhurst/5096-mayfield-rd,2026-09-09
1560 Marion Mt Gilead,Marion,OH,43302,"Mo,Tu,We,Th,Fr,Sa,Su 05:30-23:00",40.581564,-83.087848,,https://locations.7brew.com/oh/marion/1560-marion-mt-gilead,2026-09-09
2530 Lincoln Way E.,Massillon,OH,44646,"Mo,Tu,We,Th,Fr,Sa,Su 05:30-23:00",40.7977944,-81.4867232,+14793589274,https://locations.7brew.com/oh/massillon/2530-lincoln-way-e.,2026-09-09
588 West Dussel Drive,Maumee,OH,43537,"Mo,Tu,We,Th,Su 05:30-22:00 | Fr,Sa 05:30-23:00",41.5801901,-83.68508899999999,+14793589274,https://locations.7brew.com/oh/maumee/588-west-dussel-drive,2026-09-09
17900 Bagley Rd,Middleburg Heights,OH,44130,"Mo,Tu,We,Th,Fr,Sa,Su 05:30-23:00",41.371947,-81.825605,+14793589274,https://locations.7brew.com/oh/middleburg-heights/17900-bagley-rd,2026-09-09
1355 N 21st St,Newark,OH,43055,"Mo,Tu,We,Th,Fr,Sa,Su 05:30-23:00",40.084731,-82.428184,+14793589274,https://locations.7brew.com/oh/newark/1355-n-21st-st,2026-09-09
1515 N Main St,North Canton,OH,44720,"Mo,Tu,We,Th,Fr,Sa,Su 05:30-23:00",40.89324999999999,-81.406977,,https://locations.7brew.com/oh/north-canton/1515-n-main-st,2026-09-09
2665 Navarre Avenue,Oregon,OH,43616,"Mo,Tu,We,Th,Su 05:30-22:00 | Fr,Sa 05:30-23:00",41.6375361,-83.48445129999999,+14793589274,https://locations.7brew.com/oh/oregon/2665-navarre-avenue,2026-09-09
10505 Brookpark Road,Parma,OH,44130,"Mo,Tu,We,Th,Fr,Sa,Su 05:30-23:00",41.4180502,-81.758147,+14793589274,https://locations.7brew.com/oh/parma/10505-brookpark-road,2026-09-09
1137 West Pleasant Valley Road,Parma,OH,44134,"Mo,Tu,We,Th,Fr,Sa,Su 05:30-23:00",41.3612331,-81.6863453,+14793589274,https://locations.7brew.com/oh/parma/1137-west-pleasant-valley-road,2026-09-09
6675 Pearl Rd,Parma Heights,OH,44130,"Mo,Tu,We,Th,Fr,Sa,Su 05:30-23:00",41.381099,-81.7822657,+14793589274,https://locations.7brew.com/oh/parma-heights/6675-pearl-rd,2026-09-09
10359 Fremont Pike,Perrysburg,OH,43551,"Mo,Tu,We,Th,Su 05:30-22:00 | Fr,Sa 05:30-23:00",41.5450729,-83.59346719999999,+14793589274,https://locations.7brew.com/oh/perrysburg/10359-fremont-pike,2026-09-09
2421 East State Street,Salem,OH,44460,"Mo,Tu,We,Th,Fr,Sa,Su 05:30-23:00",40.9003567,-80.8264566,+14793589274,https://locations.7brew.com/oh/salem/2421-east-state-street,2026-09-09
5219 Detroit Rd,Sheffield Village,OH,44054,"Mo,Tu,We,Th,Fr,Sa,Su 05:30-23:00",41.425915,-82.079645,+14793589274,https://locations.7brew.com/oh/sheffield-village/5219-detroit-rd,2026-09-09
2421 W Michigan Ave,Sidney,OH,45365,"Mo,Tu,We,Th,Su 05:30-22:00 | Fr,Sa 05:30-23:00",40.2874375,-84.1929528,+14793589274,https://locations.7brew.com/oh/sidney/2421-w-michigan-ave,2026-09-09
785 W Central,Springboro,OH,45066,"Mo,Tu,We,Th,Fr,Sa,Su 05:30-23:00",39.562087,-84.260572,+14793589274,https://locations.7brew.com/oh/springboro/785-w-central,2026-09-09
2001 E Main St,Springfield,OH,45503,"Mo,Tu,We,Th,Su 05:30-22:00 | Fr,Sa 05:30-23:00",39.923023,-83.779284,+14793589274,https://locations.7brew.com/oh/springfield/2001-e-main-st,2026-09-09
4397 Ohio 59,Stow,OH,44224,"Mo,Tu,We,Th,Fr,Sa,Su 05:30-23:00",41.1563931,-81.40316779999999,+14793589274,https://locations.7brew.com/oh/stow/4397-ohio-59,2026-09-09
876 W Market St,Tiffin,OH,44883,"Mo,Tu,We,Th,Su 05:30-22:00 | Fr,Sa 05:30-23:00",41.1113874,-83.20625,+14793589274,https://locations.7brew.com/oh/tiffin/876-w-market-st,2026-09-09
5145 Monroe Street,Toledo,OH,43623,"Mo,Tu,We,Th,Su 05:30-22:00 | Fr,Sa 05:30-23:00",41.7004034,-83.649755,+14793589274,https://locations.7brew.com/oh/toledo/5145-monroe-street,2026-09-09
847 West Alexis Road,Toledo,OH,43612,"Mo,Tu,We,Th,Su 05:30-22:00 | Fr,Sa 05:30-23:00",41.7213263,-83.564802,+14793589274,https://locations.7brew.com/oh/toledo/847-west-alexis-road,2026-09-09
3701 Massillon Road,Uniontown,OH,44685,"Mo,Tu,We,Th,Fr,Sa,Su 05:30-23:00",40.960529,-81.46531399999999,+14793589274,https://locations.7brew.com/oh/uniontown/3701-massillon-road,2026-09-09
860 North Washington Street,Van Wert,OH,45891,"Mo,Tu,We,Th,Su 05:30-22:00 | Fr,Sa 05:30-23:00",40.8822402,-84.58087429999999,+14793589274,https://locations.7brew.com/oh/van-wert/860-north-washington-street,2026-09-09
1997 Niles Cortland Road Southeast,Warren,OH,44484,"Mo,Tu,We,Th,Fr,Sa,Su 05:30-23:00",41.2158703,-80.7397032,+14793589274,https://locations.7brew.com/oh/warren/1997-niles-cortland-road-southeast,2026-09-09
7941 Tylersville Road,West Chester Township,OH,45069,"Mo,Tu,We,Th,Fr,Sa,Su 05:30-23:00",39.3522058,-84.3600542,+14793589274,https://locations.7brew.com/oh/west-chester-township/7941-tylersville-road,2026-09-09
29980 Detroit Rd.,Westlake,OH,44145,"Mo,Tu,We,Th,Fr,Sa,Su 05:30-23:00",41.46376284,-81.95163381,+14793589274,https://locations.7brew.com/oh/westlake/29980-detroit-rd.,2026-09-09
35403 Euclid Avenue,Willoughby,OH,44094,"Mo,Tu,We,Th,Fr,Sa,Su 05:30-23:00",41.6261291,-81.43608359999999,+14793589274,https://locations.7brew.com/oh/willoughby/35403-euclid-avenue,2026-09-09
3121 Maple Ave,Zanesville,OH,43701,"Mo,Tu,We,Th,Fr,Sa,Su 05:30-23:00",39.9792508,-82.0172618,+14793589274,https://locations.7brew.com/oh/zanesville/3121-maple-ave,2026-09-09
910 Lonnie Abbott Boulevard,Ada,OK,74820,"Mo,Tu,We,Th,Su 05:30-22:00 | Fr,Sa 05:30-23:00",34.790123,-96.66743699999999,+14793589274,https://locations.7brew.com/ok/ada/910-lonnie-abbott-boulevard,2026-09-09
108 Sequoyah Lane,Altus,OK,73521,"Mo,Tu,We,Th,Su 05:30-22:00 | Fr,Sa 05:30-23:00",34.6634292,-99.33469079999999,+14793589274,https://locations.7brew.com/ok/altus/108-sequoyah-lane,2026-09-09
1201 N Commerce St,Ardmore,OK,73401,"Mo,Tu,We,Th,Su 05:30-22:00 | Fr,Sa 05:30-23:00",34.1881037,-97.1435308,+15804904085,https://locations.7brew.com/ok/ardmore/1201-n-commerce-st,2026-09-09
600 SE Washington Blvd.,Bartlesville,OK,74006,"Mo,Tu,We,Th,Su 05:30-22:00 | Fr,Sa 05:30-23:00",36.746867,-95.934697,+14793589274,https://locations.7brew.com/ok/bartlesville/600-se-washington-blvd.,2026-09-09
1104 W New Orleans St,Broken Arrow,OK,74011,"Mo,Tu,We,Th,Su 05:30-22:00 | Fr,Sa 05:30-23:00",36.0177268,-95.80276950000001,+15392504502,https://locations.7brew.com/ok/broken-arrow/1104-w-new-orleans-st,2026-09-09
1501 E Kenosha St,Broken Arrow,OK,74012-2014,"Mo,Tu,We,Th,Su 05:30-22:00 | Fr,Sa 05:30-23:00",36.0605996,-95.7724544,+15392504503,https://locations.7brew.com/ok/broken-arrow/1501-e-kenosha-st,2026-09-09
11117 East Highway 51,Coweta,OK,74429,"Mo,Tu,We,Th,Su 05:30-22:00 | Fr,Sa 05:30-23:00",36.0020289,-95.6799133,+14793589274,https://locations.7brew.com/ok/coweta/11117-east-highway-51,2026-09-09
3209 U.S. 81,Duncan,OK,73533,"Mo,Tu,We,Th,Su 05:30-22:00 | Fr,Sa 05:30-23:00",34.5247142,-97.9683123,+14793589274,https://locations.7brew.com/ok/duncan/3209-u.s.-81,2026-09-09
2840 NW 178th St,Edmond,OK,73012,"Mo,Tu,We,Th,Su 05:30-22:00 | Fr,Sa 05:30-23:00",35.6527848,-97.5666346,+14793589274,https://locations.7brew.com/ok/edmond/2840-nw-178th-st,2026-09-09
833 West Edmond Road,Edmond,OK,73003,"Mo,Tu,We,Th,Su 05:30-22:00 | Fr,Sa 05:30-23:00",35.6531987,-97.49565729999999,+14793589274,https://locations.7brew.com/ok/edmond/833-west-edmond-road,2026-09-09
1002 West Broadway Avenue,Enid,OK,73703,"Mo,Tu,We,Th,Su 05:30-22:00 | Fr,Sa 05:30-23:00",36.3971289,-97.8904656,+14793589274,https://locations.7brew.com/ok/enid/1002-west-broadway-avenue,2026-09-09
4010 W Owen K Garriott,Enid,OK,73703,"Mo,Tu,We,Th,Su 05:30-22:00 | Fr,Sa 05:30-23:00",36.3911099,-97.9276195,+14793589274,https://locations.7brew.com/ok/enid/4010-w-owen-k-garriott,2026-09-09
104 S Riverfront Dr,Jenks,OK,74037,"Mo,Tu,We,Th,Su 05:30-22:00 | Fr,Sa 05:30-23:00",36.0240162,-95.9598523,+14793589274,https://locations.7brew.com/ok/jenks/104-s-riverfront-dr,2026-09-09
6618 Northwest Cache Road,Lawton,OK,73505,"Mo,Tu,We,Th,Su 05:30-22:00 | Fr,Sa 05:30-23:00",34.6230272,-98.4747134,+14793589274,https://locations.7brew.com/ok/lawton/6618-northwest-cache-road,2026-09-09
923 NW Sheridan Rd,Lawton,OK,73505,"Mo,Tu,We,Th,Su 05:30-22:00 | Fr,Sa 05:30-23:00",34.6190554,-98.4218394,+15807714798,https://locations.7brew.com/ok/lawton/923-nw-sheridan-rd,2026-09-09
2626 South 14th Street,McAlester,OK,74501,"Mo,Tu,We,Th,Su 05:30-22:00 | Fr,Sa 05:30-23:00",34.9006859,-95.7537282,+14793589274,https://locations.7brew.com/ok/mcalester/2626-south-14th-street,2026-09-09
1230 Main St,Miami,OK,74354,"Mo,Tu,We,Th,Su 05:30-22:00 | Fr,Sa 05:30-23:00",36.889728,-94.877145,+14793589274,https://locations.7brew.com/ok/miami/1230-main-st,2026-09-09
1010 W Shawnee St,Muskogee,OK,74401,"Mo,Tu,We,Th,Su 05:30-22:00 | Fr,Sa 05:30-23:00",35.7702101,-95.3731013,+19188405299,https://locations.7brew.com/ok/muskogee/1010-w-shawnee-st,2026-09-09
2218 West Main Street,Norman,OK,73069,"Mo,Tu,We,Th,Su 05:30-22:00 | Fr,Sa 05:30-23:00",35.218308,-97.4742217,+14793589274,https://locations.7brew.com/ok/norman/2218-west-main-street,2026-09-09
3617 Classen Boulevard,Norman,OK,73071,"Mo,Tu,We,Th,Su 05:30-22:00 | Fr,Sa 05:30-23:00",35.1749984,-97.41263160000001,+14793589274,https://locations.7brew.com/ok/norman/3617-classen-boulevard,2026-09-09
13500 North Rockwell Avenue,Oklahoma City,OK,73142,"Mo,Tu,We,Th,Su 05:30-22:00 | Fr,Sa 05:30-23:00",35.6058998,-97.63808159999999,+14793589274,https://locations.7brew.com/ok/oklahoma-city/13500-north-rockwell-avenue,2026-09-09
2917 Southwest 104th Street,Oklahoma City,OK,73173,"Mo,Tu,We,Th,Su 05:30-22:00 | Fr,Sa 05:30-23:00",35.3634934,-97.566568,+14793589274,https://locations.7brew.com/ok/oklahoma-city/2917-southwest-104th-street,2026-09-09
3655 NW 39th St,Oklahoma City,OK,73112,"Mo,Tu,We,Th,Su 05:30-22:00 | Fr,Sa 05:30-23:00",35.511855,-97.582986,+14793589274,https://locations.7brew.com/ok/oklahoma-city/3655-nw-39th-st,2026-09-09
9281 North May Avenue,Oklahoma City,OK,73120,"Mo,Tu,We,Th,Su 05:30-22:00 | Fr,Sa 05:30-23:00",35.5643213,-97.567548,+14793589274,https://locations.7brew.com/ok/oklahoma-city/9281-north-may-avenue,2026-09-09
130 U.S. 75,Okmulgee,OK,74447,"Mo,Tu,We,Th,Su 05:30-22:00 | Fr,Sa 05:30-23:00",35.622698,-95.96071099999999,+14793589274,https://locations.7brew.com/ok/okmulgee/130-u.s.-75,2026-09-09
3004 N Broadway,Poteau,OK,74953,"Mo,Tu,We,Th,Su 05:30-22:00 | Fr,Sa 05:30-23:00",35.089124,-94.630281,+19185780902,https://locations.7brew.com/ok/poteau/3004-n-broadway,2026-09-09
540 S Kerr Blvd,Sallisaw,OK,74955,"Mo,Tu,We,Th,Su 05:30-22:00 | Fr,Sa 05:30-23:00",35.4537761,-94.8060472,+14793589274,https://locations.7brew.com/ok/sallisaw/540-s-kerr-blvd,2026-09-09
702 West Rogers Boulevard,Skiatook,OK,74070,"Mo,Tu,We,Th,Su 05:30-22:00 | Fr,Sa 05:30-23:00",36.3685815,-96.01240539999999,+14793589274,https://locations.7brew.com/ok/skiatook/702-west-rogers-boulevard,2026-09-09
110 N Perkins,Stillwater,OK,74075,"Mo,Tu,We,Th,Su 05:30-22:00 | Fr,Sa 05:30-23:00",36.123922,-97.05186,+14793589274,https://locations.7brew.com/ok/stillwater/110-n-perkins,2026-09-09
1077 E Downing St,Tahlequah,OK,74464-3309,"Mo,Tu,We,Th,Su 05:30-22:00 | Fr,Sa 05:30-23:00",35.9158913,-94.95498740000001,+15392346404,https://locations.7brew.com/ok/tahlequah/1077-e-downing-st,2026-09-09
4708 E 21st,Tulsa,OK,74114,"Mo,Tu,We,Th,Su 05:30-22:00 | Fr,Sa 05:30-23:00",36.1329319,-95.9249397,+14793589274,https://locations.7brew.com/ok/tulsa/4708-e-21st,2026-09-09
4845 S. Memorial Dr,Tulsa,OK,74145,"Mo,Tu,We,Th,Su 05:30-22:00 | Fr,Sa 05:30-23:00",36.093028,-95.885951,+14793589274,https://locations.7brew.com/ok/tulsa/4845-s.-memorial-dr,2026-09-09
2207 Hwy 412,Watts,OK,74964,"Mo,Tu,We,Th,Su 05:30-22:00 | Fr,Sa 05:30-23:00",36.1763485,-94.5673631,+14793589274,https://locations.7brew.com/ok/watts/2207-hwy-412,2026-09-09
945 E Main St.,Weatherford,OK,73096,"Mo,Tu,We,Th,Su 05:30-22:00 | Fr,Sa 05:30-23:00",35.526045,-98.696208,+14793589274,https://locations.7brew.com/ok/weatherford/945-e-main-st.,2026-09-09
1617 Garth Brooks Blvd,Yukon,OK,73099,"Mo,Tu,We,Th,Su 05:30-22:00 | Fr,Sa 05:30-23:00",35.481784,-97.759602,+14793589274,https://locations.7brew.com/ok/yukon/1617-garth-brooks-blvd,2026-09-09
570 West Plank Road,Altoona,PA,16602,"Mo,Tu,We,Th,Su 05:30-22:00 | Fr,Sa 05:30-23:00",40.4707044,-78.4072545,+14793589274,https://locations.7brew.com/pa/altoona/570-west-plank-road,2026-09-09
5960 University Boulevard,Carnot-Moon,PA,15108,"Mo,Tu,We,Th,Su 05:30-22:00 | Fr,Sa 05:30-23:00",40.5211741,-80.218176,+14793589274,https://locations.7brew.com/pa/carnot-moon/5960-university-boulevard,2026-09-09
1677 Lincoln Way E,Chambersburg,PA,17202,"Mo,Tu,We,Th,Su 05:30-22:00 | Fr,Sa 05:30-23:00",39.9243043,-77.6102907,+14793589274,https://locations.7brew.com/pa/chambersburg/1677-lincoln-way-e,2026-09-09
77 Second Ave,Collegeville,PA,19426,"Mo,Tu,We,Th,Su 05:30-22:00 | Fr,Sa 05:30-23:00",40.1831324,-75.4510557,+14793589274,https://locations.7brew.com/pa/collegeville/77-second-ave,2026-09-09
1255 East Dubois Avenue,DuBois,PA,15801,"Mo,Tu,We,Th,Su 05:30-22:00 | Fr,Sa 05:30-23:00",41.1230538,-78.7306366,+14793589274,https://locations.7brew.com/pa/dubois/1255-east-dubois-avenue,2026-09-09
1160 Carlisle Street,Hanover,PA,17331,"Mo,Tu,We,Th,Su 05:30-22:00 | Fr,Sa 05:30-23:00",39.8225074,-76.99754399999999,+14793589274,https://locations.7brew.com/pa/hanover/1160-carlisle-street,2026-09-09
1830 Oakland Avenue,Indiana,PA,15701,"Mo,Tu,We,Th,Su 05:30-22:00 | Fr,Sa 05:30-23:00",40.613176,-79.1758424,+14793589274,https://locations.7brew.com/pa/indiana/1830-oakland-avenue,2026-09-09
1100 Mountain Laurel Plaza,Latrobe,PA,15650,"Mo,Tu,We,Th,Su 05:30-22:00 | Fr,Sa 05:30-23:00",40.2847047,-79.388834,+14793589274,https://locations.7brew.com/pa/latrobe/1100-mountain-laurel-plaza,2026-09-09
18285 Conneaut Lake Road,Meadville,PA,16335,"Mo,Tu,We,Th,Su 05:30-22:00 | Fr,Sa 05:30-23:00",41.620725,-80.1714638,+14793589274,https://locations.7brew.com/pa/meadville/18285-conneaut-lake-road,2026-09-09
6469 Carlisle Pike,Mechanicsburg,PA,17050,"Mo,Tu,We,Th,Su 05:30-22:00 | Fr,Sa 05:30-23:00",40.2461119,-77.01704,+14793589274,https://locations.7brew.com/pa/mechanicsburg/6469-carlisle-pike,2026-09-09
4000 Woodhaven Road,Philadelphia,PA,19154,"Mo,Tu,We,Th,Su 05:30-22:00 | Fr,Sa 05:30-23:00",40.0849002,-74.972253,+14793589274,https://locations.7brew.com/pa/philadelphia/4000-woodhaven-road,2026-09-09
320 Clairton Boulevard,Pleasant Hills,PA,15236,"Mo,Tu,We,Th,Su 05:30-22:00 | Fr,Sa 05:30-23:00",40.337977,-79.952744,+14793589274,https://locations.7brew.com/pa/pleasant-hills/320-clairton-boulevard,2026-09-09
3079 North 5th Street Highway,Reading,PA,19605,"Mo,Tu,We,Th,Su 05:30-22:00 | Fr,Sa 05:30-23:00",40.3807706,-75.9269653,+14793589274,https://locations.7brew.com/pa/reading/3079-north-5th-street-highway,2026-09-09
3140 Cape Horn Rd,Red Lion,PA,17356,"Mo,Tu,We,Th,Su 05:30-22:00 | Fr,Sa 05:30-23:00",39.916903,-76.631028,+14793589274,https://locations.7brew.com/pa/red-lion/3140-cape-horn-rd,2026-09-09
2577 N Susquehanna Trail,Selinsgrove,PA,17876,"Mo,Tu,We,Th,Su 05:30-22:00 | Fr,Sa 05:30-23:00",,,+14793589274,https://locations.7brew.com/pa/selinsgrove/2577-n-susquehanna-trail,2026-09-09
3582 Penn Ave,Sinking Spring,PA,19608,"Mo,Tu,We,Th,Su 05:30-22:00 | Fr,Sa 05:30-23:00",40.3249662,-76.014934,+14793589274,https://locations.7brew.com/pa/sinking-spring/3582-penn-ave,2026-09-09
1923 South Atherton Street,State College,PA,16801,"Mo,Tu,We,Th,Su 05:30-22:00 | Fr,Sa 05:30-23:00",40.7844346,-77.82769809999999,+14793589274,https://locations.7brew.com/pa/state-college/1923-south-atherton-street,2026-09-09
545 West Main Street,Uniontown,PA,15401,"Mo,Tu,We,Th,Su 05:30-22:00 | Fr,Sa 05:30-23:00",39.9095896,-79.7448172,+14793589274,https://locations.7brew.com/pa/uniontown/545-west-main-street,2026-09-09
189 Old Mill Boulevard,Washington,PA,15301,"Mo,Tu,We,Th,Su 05:30-22:00 | Fr,Sa 05:30-23:00",40.18938300000001,-80.21935810000001,+14793589274,https://locations.7brew.com/pa/washington/189-old-mill-boulevard,2026-09-09
2235 Whiskey Road,Aiken,SC,29803,"Mo,Tu,We,Th,Su 05:30-22:00 | Fr,Sa 05:30-23:00",33.5139027,-81.7148717,+14793589274,https://locations.7brew.com/sc/aiken/2235-whiskey-road,2026-09-09
2113 Highway 81 North,Anderson,SC,29621,"Mo,Tu,We,Th,Su 05:30-22:00 | Fr,Sa 05:30-23:00",34.550505,-82.63203399999999,+14793589274,https://locations.7brew.com/sc/anderson/2113-highway-81-north,2026-09-09
2044 W Dekalb St,Camden,SC,29020,"Mo,Tu,We,Th,Su 05:30-22:00 | Fr,Sa 05:30-23:00",34.24907,-80.635857,+14793589274,https://locations.7brew.com/sc/camden/2044-w-dekalb-st,2026-09-09
2230 N Beltline Blvd,Columbia,SC,29204,"Mo,Tu,We,Th,Su 05:30-22:00 | Fr,Sa 05:30-23:00",34.0189185,-80.9893283,+14793589274,https://locations.7brew.com/sc/columbia/2230-n-beltline-blvd,2026-09-09
7234 Garner Ferry Rd,Columbia,SC,29209,"Mo,Tu,We,Th,Su 05:30-22:00 | Fr,Sa 05:30-23:00",33.97141,-80.949465,+14793589274,https://locations.7brew.com/sc/columbia/7234-garner-ferry-rd,2026-09-09
141 Pamplico Highway,Florence,SC,29505,"Mo,Tu,We,Th,Su 05:30-22:00 | Fr,Sa 05:30-23:00",34.167148,-79.7638018,+14793589274,https://locations.7brew.com/sc/florence/141-pamplico-highway,2026-09-09
1457 Woodruff Rd,Greenville,SC,29607-5741,"Mo,Tu,We,Th,Su 05:30-22:00 | Fr,Sa 05:30-23:00",34.821215,-82.28152100000001,+18649994268,https://locations.7brew.com/sc/greenville/1457-woodruff-rd,2026-09-09
2102 Wade Hampton Blvd,Greenville,SC,29615,"Mo,Tu,We,Th,Su 05:30-22:00 | Fr,Sa 05:30-23:00",34.8846055,-82.3538574,+18649994243,https://locations.7brew.com/sc/greenville/2102-wade-hampton-blvd,2026-09-09
1409 West Wade Hampton Boulevard,Greer,SC,29650,"Mo,Tu,We,Th,Su 05:30-22:00 | Fr,Sa 05:30-23:00",34.9379059,-82.2692355,+14793589274,https://locations.7brew.com/sc/greer/1409-west-wade-hampton-boulevard,2026-09-09
1553 Fording Island Rd,Hilton Head Island,SC,29926,"Mo,Tu,We,Th,Su 05:30-22:00 | Fr,Sa 05:30-23:00",32.236548,-80.806658,+14793589274,https://locations.7brew.com/sc/hilton-head-island/1553-fording-island-rd,2026-09-09
4631 Factory Stores Boulevard,Myrtle Beach,SC,29579,"Mo,Tu,We,Th,Su 05:30-22:00 | Fr,Sa 05:30-23:00",33.7503007,-78.9590917,+14793589274,https://locations.7brew.com/sc/myrtle-beach/4631-factory-stores-boulevard,2026-09-09
408 E Martintown Rd,North Augusta,SC,29841,"Mo,Tu,We,Th,Su 05:30-22:00 | Fr,Sa 05:30-23:00",33.4962193,-81.9595339,+14793589274,https://locations.7brew.com/sc/north-augusta/408-e-martintown-rd,2026-09-09
2155 Ashley Phosphate Road,North Charleston,SC,29406,"Mo,Tu,We,Th,Su 05:30-22:00 | Fr,Sa 05:30-23:00",32.9358556,-80.04150729999999,+14793589274,https://locations.7brew.com/sc/north-charleston/2155-ashley-phosphate-road,2026-09-09
961 Hwy 17 N,North Myrtle Beach,SC,29582,"Mo,Tu,We,Th,Su 05:30-22:00 | Fr,Sa 05:30-23:00",33.8372626,-78.6694993,+18545044982,https://locations.7brew.com/sc/north-myrtle-beach/961-hwy-17-n,2026-09-09
115 Petigru Dr,Pawleys Island,SC,29585,"Mo,Tu,We,Th,Su 05:30-22:00 | Fr,Sa 05:30-23:00",33.436297,-79.1332113,+18438940870,https://locations.7brew.com/sc/pawleys-island/115-petigru-dr,2026-09-09
687 Fairview Road,Simpsonville,SC,29680,"Mo,Tu,We,Th,Su 05:30-22:00 | Fr,Sa 05:30-23:00",34.7066379,-82.25716109999999,+14793589274,https://locations.7brew.com/sc/simpsonville/687-fairview-road,2026-09-09
1624 East Main Street,Spartanburg,SC,29307,"Mo,Tu,We,Th,Su 05:30-22:00 | Fr,Sa 05:30-23:00",34.9653436,-81.8976904,+14793589274,https://locations.7brew.com/sc/spartanburg/1624-east-main-street,2026-09-09
602 Bacon Bridge Rd,Summerville,SC,29485,"Mo,Tu,We,Th,Su 05:30-22:00 | Fr,Sa 05:30-23:00",33.0007258,-80.1843867,+14793589274,https://locations.7brew.com/sc/summerville/602-bacon-bridge-rd,2026-09-09
550 Roe Center,Travelers Rest,SC,29690,"Mo,Tu,We,Th,Su 05:30-22:00 | Fr,Sa 05:30-23:00",34.959935,-82.4377463,+14793589274,https://locations.7brew.com/sc/travelers-rest/550-roe-center,2026-09-09
509 N Campbell St,Rapid City,SD,57701,"Mo,Tu,We,Th,Su 05:30-22:00 | Fr,Sa 05:30-23:00",44.0868268,-103.1922054,+16059812229,https://locations.7brew.com/sd/rapid-city/509-n-campbell-st,2026-09-09
3707 S Louise Ave,Sioux Falls,SD,57106,"Mo,Tu,We,Th,Su 05:30-22:00 | Fr,Sa 05:30-23:00",43.5100551,-96.77150689999999,+14793589274,https://locations.7brew.com/sd/sioux-falls/3707-s-louise-ave,2026-09-09
2527 9th Ave SE,Watertown,SD,57201,"Mo,Tu,We,Th,Su 05:30-22:00 | Fr,Sa 05:30-23:00",44.890802,-97.073869,+14793589274,https://locations.7brew.com/sd/watertown/2527-9th-ave-se,2026-09-09
1514 Decatur Pike,Athens,TN,37303,"Mo,Tu,We,Th,Su 05:30-22:00 | Fr,Sa 05:30-23:00",35.4503343,-84.6198773,+14793589274,https://locations.7brew.com/tn/athens/1514-decatur-pike,2026-09-09
5879 Stage Road,Bartlett,TN,38134,"Mo,Tu,We,Th,Su 05:30-22:00 | Fr,Sa 05:30-23:00",35.2038915,-89.8670144,+14793589274,https://locations.7brew.com/tn/bartlett/5879-stage-road,2026-09-09
1385 Volunteer Parkway,Bristol,TN,37620,"Mo,Tu,We,Th,Su 05:30-22:00 | Fr,Sa 05:30-23:00",36.5586634,-82.2114103,+14793589274,https://locations.7brew.com/tn/bristol/1385-volunteer-parkway,2026-09-09
5771 Brainerd Road,Chattanooga,TN,37411,"Mo,Tu,We,Th,Su 05:30-22:00 | Fr,Sa 05:30-23:00",35.0132593,-85.2125744,+14793589274,https://locations.7brew.com/tn/chattanooga/5771-brainerd-road,2026-09-09
959 N Riverside Dr,Clarksville,TN,37040,"Mo,Tu,We,Th,Su 05:30-22:00 | Fr,Sa 05:30-23:00",36.5390188,-87.3651638,+14793589274,https://locations.7brew.com/tn/clarksville/959-n-riverside-dr,2026-09-09
898 South James Campbell Boulevard,Columbia,TN,38401,"Mo,Tu,We,Th,Su 05:30-22:00 | Fr,Sa 05:30-23:00",35.5975446,-87.05765939999999,+14793589274,https://locations.7brew.com/tn/columbia/898-south-james-campbell-boulevard,2026-09-09
1200 Interstate Drive,Cookeville,TN,38501,"Mo,Tu,We,Th,Su 05:30-22:00 | Fr,Sa 05:30-23:00",36.1379178,-85.5066014,+14793589274,https://locations.7brew.com/tn/cookeville/1200-interstate-drive,2026-09-09
415 W Elk St,Elizabethton,TN,37643,"Mo,Tu,We,Th,Su 05:30-22:00 | Fr,Sa 05:30-23:00",36.351823,-82.232208,+14793589274,https://locations.7brew.com/tn/elizabethton/415-w-elk-st,2026-09-09
305 Long Hollow Pike,Goodlettsville,TN,37072,"Mo,Tu,We,Th,Su 05:30-22:00 | Fr,Sa 05:30-23:00",36.325346,-86.7008,+14793589274,https://locations.7brew.com/tn/goodlettsville/305-long-hollow-pike,2026-09-09
50 N Rufe Taylor Rd,Greeneville,TN,37745,"Mo,Tu,We,Th,Su 05:30-22:00 | Fr,Sa 05:30-23:00",36.183556,-82.771151,+14793589274,https://locations.7brew.com/tn/greeneville/50-n-rufe-taylor-rd,2026-09-09
2007 Roane State Highway,Harriman,TN,37748,"Mo,Tu,We,Th,Su 05:30-22:00 | Fr,Sa 05:30-23:00",35.8892654,-84.5497695,+14793589274,https://locations.7brew.com/tn/harriman/2007-roane-state-highway,2026-09-09
5417 TN-153,Hixson,TN,37343,"Mo,Tu,We,Th,Su 05:30-22:00 | Fr,Sa 05:30-23:00",35.1389887,-85.2485499,+14238051743,https://locations.7brew.com/tn/hixson/5417-tn-153,2026-09-09
1210 Harris Dr W,Johnson City,TN,37604,"Mo,Tu,We,Th,Su 05:30-22:00 | Fr,Sa 05:30-23:00",36.3042219,-82.37277379999999,+14238800002,https://locations.7brew.com/tn/johnson-city/1210-harris-dr-w,2026-09-09
1910 N Roan St,Johnson City,TN,37601-3116,"Mo,Tu,We,Th,Su 05:30-22:00 | Fr,Sa 05:30-23:00",36.336839,-82.372229,+14238800003,https://locations.7brew.com/tn/johnson-city/1910-n-roan-st,2026-09-09
5026 Bobby Hicks Highway,Johnson City,TN,37615,"Mo,Tu,We,Th,Su 05:30-22:00 | Fr,Sa 05:30-23:00",36.4093918,-82.4744719,+14793589274,https://locations.7brew.com/tn/johnson-city/5026-bobby-hicks-highway,2026-09-09
1336 E Stone Dr,Kingsport,TN,37660-4129,"Mo,Tu,We,Th,Su 05:30-22:00 | Fr,Sa 05:30-23:00",36.55026,-82.524002,+14238308974,https://locations.7brew.com/tn/kingsport/1336-e-stone-dr,2026-09-09
1775 Fort Henry Blvd,Kingsport,TN,37664,"Mo,Tu,We,Th,Su 05:30-22:00 | Fr,Sa 05:30-23:00",36.5306108,-82.5262552,+14793589274,https://locations.7brew.com/tn/kingsport/1775-fort-henry-blvd,2026-09-09
11495 Parkside Dr,Knoxville,TN,37934,"Mo,Tu,We,Th,Su 05:30-22:00 | Fr,Sa 05:30-23:00",35.8986796,-84.16690620000001,+14793589274,https://locations.7brew.com/tn/knoxville/11495-parkside-dr,2026-09-09
5355 Murfreesboro Road,La Vergne,TN,37086,"Mo,Tu,We,Th,Su 05:30-22:00 | Fr,Sa 05:30-23:00",36.0164789,-86.559607,+14793589274,https://locations.7brew.com/tn/la-vergne/5355-murfreesboro-road,2026-09-09
1960 North Locust Avenue,Lawrenceburg,TN,38464,"Mo,Tu,We,Th,Su 05:30-22:00 | Fr,Sa 05:30-23:00",35.2660331,-87.3221437,+14793589274,https://locations.7brew.com/tn/lawrenceburg/1960-north-locust-avenue,2026-09-09
1075 U.S. 321,Lenoir City,TN,37771,"Mo,Tu,We,Th,Su 05:30-22:00 | Fr,Sa 05:30-23:00",35.82685060000001,-84.2759579,+14793589274,https://locations.7brew.com/tn/lenoir-city/1075-u.s.-321,2026-09-09
1808 Gallatin Pike North,Madison,TN,37115,"Mo,Tu,We,Th,Su 05:30-22:00 | Fr,Sa 05:30-23:00",36.298822,-86.698604,+14793589274,https://locations.7brew.com/tn/madison/1808-gallatin-pike-north,2026-09-09
22 Kimberly Lane,Manchester,TN,37355,"Mo,Tu,We,Th,Su 05:30-22:00 | Fr,Sa 05:30-23:00",35.4549854,-86.04319,+14793589274,https://locations.7brew.com/tn/manchester/22-kimberly-lane,2026-09-09
1625 Union Ave,Memphis,TN,38104-3731,"Mo,Tu,We,Th,Fr,Sa,Su 05:30-21:00",35.1356875,-90.0073955,+19016987247,https://locations.7brew.com/tn/memphis/1625-union-ave,2026-09-09
2019 Whitten Rd,Memphis,TN,38133,"Mo,Tu,We,Th,Su 05:30-22:00 | Fr,Sa 05:30-23:00",35.1805577,-89.8366466,+14793589274,https://locations.7brew.com/tn/memphis/2019-whitten-rd,2026-09-09
2828 North Germantown Parkway,Memphis,TN,38133,"Mo,Tu,We,Th,Su 05:30-22:00 | Fr,Sa 05:30-23:00",35.2028717,-89.79353,+14793589274,https://locations.7brew.com/tn/memphis/2828-north-germantown-parkway,2026-09-09
7938 Winchester Rd,Memphis,TN,38125,"Mo,Tu,We,Th,Su 05:30-22:00 | Fr,Sa 05:30-23:00",35.048981,-89.798229,+14793589274,https://locations.7brew.com/tn/memphis/7938-winchester-rd,2026-09-09
2803 W Andrew Johnson Hwy,Morristown,TN,37814,"Mo,Tu,We,Th,Su 05:30-22:00 | Fr,Sa 05:30-23:00",36.201049,-83.333528,+14793589274,https://locations.7brew.com/tn/morristown/2803-w-andrew-johnson-hwy,2026-09-09
11226 Lebanon Road,Mt. Juliet,TN,37122,"Mo,Tu,We,Th,Su 05:30-22:00 | Fr,Sa 05:30-23:00",36.2305058,-86.5146948,+14793589274,https://locations.7brew.com/tn/mt.-juliet/11226-lebanon-road,2026-09-09
217 N Thompson Ln,Murfreesboro,TN,37129-4307,"Mo,Tu,We,Th,Su 05:30-22:00 | Fr,Sa 05:30-23:00",35.851411,-86.4308656,+16155460140,https://locations.7brew.com/tn/murfreesboro/217-n-thompson-ln,2026-09-09
3001 Gallatin Pike,Nashville,TN,37216,"Mo,Tu,We,Th,Su 05:30-22:00 | Fr,Sa 05:30-23:00",36.2039272,-86.7386808,+14793589274,https://locations.7brew.com/tn/nashville/3001-gallatin-pike,2026-09-09
9039 Lee Highway,Ooltewah,TN,37363,"Mo,Tu,We,Th,Su 05:30-22:00 | Fr,Sa 05:30-23:00",35.0857039,-85.06533309999999,+14793589274,https://locations.7brew.com/tn/ooltewah/9039-lee-highway,2026-09-09
1067 Mineral Wells Avenue,Paris,TN,38242,"Mo,Tu,We,Th,Su 05:30-22:00 | Fr,Sa 05:30-23:00",36.2861268,-88.3092362,+14793589274,https://locations.7brew.com/tn/paris/1067-mineral-wells-avenue,2026-09-09
1815 N Main St,Shelbyville,TN,37160,"Mo,Tu,We,Th,Su 05:30-22:00 | Fr,Sa 05:30-23:00",35.5131164,-86.4562643,+14793589274,https://locations.7brew.com/tn/shelbyville/1815-n-main-st,2026-09-09
800 Isabella Lane,Smyrna,TN,37167,"Mo,Tu,We,Th,Su 05:30-22:00 | Fr,Sa 05:30-23:00",35.9817972,-86.55392909999999,+14793589274,https://locations.7brew.com/tn/smyrna/800-isabella-lane,2026-09-09
3424 Tom Austin Highway,Springfield,TN,37172,"Mo,Tu,We,Th,Su 05:30-22:00 | Fr,Sa 05:30-23:00",36.4863352,-86.8857191,+14793589274,https://locations.7brew.com/tn/springfield/3424-tom-austin-highway,2026-09-09
2102 North Jackson Street,Tullahoma,TN,37388,"Mo,Tu,We,Th,Su 05:30-22:00 | Fr,Sa 05:30-23:00",35.3908245,-86.23779329999999,+14793589274,https://locations.7brew.com/tn/tullahoma/2102-north-jackson-street,2026-09-09
355 Hester Drive,White House,TN,37188,"Mo,Tu,We,Th,Su 05:30-22:00 | Fr,Sa 05:30-23:00",36.46801,-86.679564,+14793589274,https://locations.7brew.com/tn/white-house/355-hester-drive,2026-09-09
1639 TX-351,Abilene,TX,79601,"Mo,Tu,We,Th,Su 05:30-22:00 | Fr,Sa 05:30-23:00",32.47752130000001,-99.69698939999999,+14793589274,https://locations.7brew.com/tx/abilene/1639-tx-351,2026-09-09
4458 Buffalo Gap,Abilene,TX,79606,"Mo,Tu,We,Th,Su 05:30-22:00 | Fr,Sa 05:30-23:00",32.396186,-99.761966,+14793589274,https://locations.7brew.com/tx/abilene/4458-buffalo-gap,2026-09-09
1172 East Main Street,Alice,TX,78332,"Mo,Tu,We,Th,Su 05:30-22:00 | Fr,Sa 05:30-23:00",27.752535,-98.0617553,+14793589274,https://locations.7brew.com/tx/alice/1172-east-main-street,2026-09-09
2110 S. Western St,Amarillo,TX,79109,"Mo,Tu,We,Th,Su 05:30-22:00 | Fr,Sa 05:30-23:00",35.189421,-101.884344,+14793589274,https://locations.7brew.com/tx/amarillo/2110-s.-western-st,2026-09-09
1300 North Main Street,Andrews,TX,79714,"Mo,Tu,We,Th,Su 05:30-22:00 | Fr,Sa 05:30-23:00",32.3322481,-102.5503082,+14793589274,https://locations.7brew.com/tx/andrews/1300-north-main-street,2026-09-09
1216 North Velasco Street,Angleton,TX,77515,"Mo,Tu,We,Th,Su 05:30-22:00 | Fr,Sa 05:30-23:00",29.1800438,-95.4321867,+14793589274,https://locations.7brew.com/tx/angleton/1216-north-velasco-street,2026-09-09
3009 7th Street,Bay City,TX,77414,"Mo,Tu,We,Th,Su 05:30-22:00 | Fr,Sa 05:30-23:00",28.9839008,-95.95394189999999,+14793589274,https://locations.7brew.com/tx/bay-city/3009-7th-street,2026-09-09
960 N Loop 340,Bellmead,TX,76705,"Mo,Tu,We,Th,Su 05:30-22:00 | Fr,Sa 05:30-23:00",31.6043129,-97.1038024,+14793589274,https://locations.7brew.com/tx/bellmead/960-n-loop-340,2026-09-09
2304 North Main Street,Belton,TX,76513,"Mo,Tu,We,Th,Su 05:30-22:00 | Fr,Sa 05:30-23:00",31.0786367,-97.45778609999999,+14793589274,https://locations.7brew.com/tx/belton/2304-north-main-street,2026-09-09
9033 Benbrook Boulevard,Benbrook,TX,76126,"Mo,Tu,We,Th,Su 05:00-22:00 | Fr,Sa 05:00-23:00",32.673636,-97.468586,+14793589274,https://locations.7brew.com/tx/benbrook/9033-benbrook-boulevard,2026-09-09
1707 S Valley Mills Dr,Beverly Hills,TX,76711,"Mo,Tu,We,Th,Su 05:30-22:00 | Fr,Sa 05:30-23:00",31.524465,-97.138793,+14793589274,https://locations.7brew.com/tx/beverly-hills/1707-s-valley-mills-dr,2026-09-09
2200 S Gregg St,Big Spring,TX,79720,"Mo,Tu,We,Th,Su 05:30-22:00 | Fr,Sa 05:30-23:00",32.232957,-101.471712,+14793589274,https://locations.7brew.com/tx/big-spring/2200-s-gregg-st,2026-09-09
200 Rocky Road,Brownsville,TX,78526,"Mo,Tu,We,Th,Su 05:30-23:00 | Fr,Sa 05:30-23:59",25.9539964,-97.4863168,+19569839297,https://locations.7brew.com/tx/brownsville/200-rocky-road,2026-09-09
81 Alton Gloor Blvd,Brownsville,TX,78526,"Mo,Tu,We,Th,Su 05:30-23:00 | Fr,Sa 05:30-00:00",25.9795583,-97.5160049,+14793589274,https://locations.7brew.com/tx/brownsville/81-alton-gloor-blvd,2026-09-09
523 East Commerce Street,Brownwood,TX,76801,"Mo,Tu,We,Th,Su 05:30-22:00 | Fr,Sa 05:30-23:00",31.7312922,-98.9721707,+14793589274,https://locations.7brew.com/tx/brownwood/523-east-commerce-street,2026-09-09
612 East Villa Maria,Bryan,TX,77802,"Mo,Tu,We,Th,Su 05:30-22:00 | Fr,Sa 05:30-23:00",30.6443683,-96.35307329999999,+14793589274,https://locations.7brew.com/tx/bryan/612-east-villa-maria,2026-09-09
627 SW Wilshire Blvd,Burleson,TX,76028,"Mo,Tu,We,Th,Su 05:30-22:00 | Fr,Sa 05:30-23:00",32.534779,-97.33515,+14793589274,https://locations.7brew.com/tx/burleson/627-sw-wilshire-blvd,2026-09-09
227 West State Highway 243,Canton,TX,75103,"Mo,Tu,We,Th,Su 05:30-22:00 | Fr,Sa 05:30-23:00",32.5437212,-95.8702119,+14793589274,https://locations.7brew.com/tx/canton/227-west-state-highway-243,2026-09-09
210 23rd St,Canyon,TX,79015,"Mo,Tu,We,Th,Su 05:30-22:00 | Fr,Sa 05:30-23:00",34.9810318,-101.9196971,+14793589274,https://locations.7brew.com/tx/canyon/210-23rd-st,2026-09-09
3040 E Hebron Pkwy,Carrollton,TX,75010,"Mo,Tu,We,Th,Fr,Sa,Su 05:30-23:00",33.025497,-96.853195,+19455232894,https://locations.7brew.com/tx/carrollton/3040-e-hebron-pkwy,2026-09-09
4525 South Preston Road,Celina,TX,75009,"Mo,Tu,We,Th,Fr,Sa,Su 05:30-23:00",33.2635619,-96.7849349,+14793589274,https://locations.7brew.com/tx/celina/4525-south-preston-road,2026-09-09
1211 West Henderson Street,Cleburne,TX,76033,"Mo,Tu,We,Th,Su 05:30-22:00 | Fr,Sa 05:30-23:00",32.3415554,-97.4025084,+14793589274,https://locations.7brew.com/tx/cleburne/1211-west-henderson-street,2026-09-09
508 S Washington Ave,Cleveland,TX,77327,"Mo,Tu,We,Th,Su 05:30-22:00 | Fr,Sa 05:30-23:00",30.3373487,-95.0936692,+14793589274,https://locations.7brew.com/tx/cleveland/508-s-washington-ave,2026-09-09
16968 Concord Drive,Conroe,TX,77385,"Mo,Tu,We,Th,Su 05:30-22:00 | Fr,Sa 05:30-23:00",30.2052443,-95.4227099,+14793589274,https://locations.7brew.com/tx/conroe/16968-concord-drive,2026-09-09
3830 W Davis St,Conroe,TX,77304,"Mo,Tu,We,Th,Su 05:30-22:00 | Fr,Sa 05:30-23:00",30.327254,-95.4976866,+14793589274,https://locations.7brew.com/tx/conroe/3830-w-davis-st,2026-09-09
2128 U.S. 190 Business,Copperas Cove,TX,76522,"Mo,Tu,We,Th,Su 05:00-22:00 | Fr,Sa 05:00-23:00",31.12008,-97.88033399999999,+14793589274,https://locations.7brew.com/tx/copperas-cove/2128-u.s.-190-business,2026-09-09
13933 Northwest Boulevard,Corpus Christi,TX,78410,"Mo,Tu,We,Th,Su 05:30-22:00 | Fr,Sa 05:30-23:00",27.8558574,-97.63848300000001,+14793589274,https://locations.7brew.com/tx/corpus-christi/13933-northwest-boulevard,2026-09-09
3245 S Alameda St,Corpus Christi,TX,78404,"Mo,Tu,We,Th,Su 05:30-22:00 | Fr,Sa 05:30-23:00",27.754766,-97.389187,+14176219873,https://locations.7brew.com/tx/corpus-christi/3245-s-alameda-st,2026-09-09
6133 Saratoga Blvd,Corpus Christi,TX,78414,"Mo,Tu,We,Th,Su 05:30-22:00 | Fr,Sa 05:30-23:00",27.6799885,-97.3736928,+13619293419,https://locations.7brew.com/tx/corpus-christi/6133-saratoga-blvd,2026-09-09
615 West 7th Avenue,Corsicana,TX,75110,"Mo,Tu,We,Th,Su 05:30-22:00 | Fr,Sa 05:30-23:00",32.0884135,-96.4691958,+14793589274,https://locations.7brew.com/tx/corsicana/615-west-7th-avenue,2026-09-09
15707 Coit Rd,Dallas,TX,75248,"Mo,Tu,We,Th,Fr,Sa,Su 05:30-23:00",32.9625811,-96.76935329999999,+14793589274,https://locations.7brew.com/tx/dallas/15707-coit-rd,2026-09-09
1330 South Farm to Market 51,Decatur,TX,76234,"Mo,Tu,We,Th,Su 05:30-22:00 | Fr,Sa 05:30-23:00",33.2248103,-97.59520040000001,+14793589274,https://locations.7brew.com/tx/decatur/1330-south-farm-to-market-51,2026-09-09
100 Braddie Drive,Del Rio,TX,78840,"Mo,Tu,We,Th,Su 05:30-22:00 | Fr,Sa 05:30-23:00",29.3937352,-100.9044073,+14793589274,https://locations.7brew.com/tx/del-rio/100-braddie-drive,2026-09-09
3013 Farm to Market 120,Denison,TX,75020,"Mo,Tu,We,Th,Su 05:30-22:00 | Fr,Sa 05:30-23:00",33.7626785,-96.58130969999999,+14793589274,https://locations.7brew.com/tx/denison/3013-farm-to-market-120,2026-09-09
1324 South Dumas Avenue,Dumas,TX,79029,"Mo,Tu,We,Th,Su 05:30-22:00 | Fr,Sa 05:30-23:00",35.8512641,-101.9737126,+14793589274,https://locations.7brew.com/tx/dumas/1324-south-dumas-avenue,2026-09-09
564 South Bibb Avenue,Eagle Pass,TX,78852,"Mo,Tu,We,Th,Fr,Sa,Su 05:30-23:00",28.6995148,-100.4833885,+14793589274,https://locations.7brew.com/tx/eagle-pass/564-south-bibb-avenue,2026-09-09
1723 W University Dr,Edinburg,TX,78539,"Mo,Tu,We,Th,Su 05:30-22:00 | Fr,Sa 05:30-23:00",26.3046077,-98.181129,+14793589274,https://locations.7brew.com/tx/edinburg/1723-w-university-dr,2026-09-09
3000 West Trenton Rd.,Edinburg,TX,78539,"Mo,Tu,We,Th,Su 05:30-22:00 | Fr,Sa 05:30-23:00",26.2658713,-98.2034994,+19566634614,https://locations.7brew.com/tx/edinburg/3000-west-trenton-rd.,2026-09-09
12220 Eastlake Boulevard,El Paso,TX,79928,"Mo,Tu,We,Th,Su 05:30-22:00 | Fr,Sa 05:30-23:00",31.6897239,-106.2621038,+14793589274,https://locations.7brew.com/tx/el-paso/12220-eastlake-boulevard,2026-09-09
9061 Dyer Street,El Paso,TX,79904,"Mo,Tu,We,Th,Su 05:30-22:00 | Fr,Sa 05:30-23:00",31.869618,-106.428699,+14793589274,https://locations.7brew.com/tx/el-paso/9061-dyer-street,2026-09-09
702 East Ennis Avenue,Ennis,TX,75119,"Mo,Tu,We,Th,Su 05:30-22:00 | Fr,Sa 05:30-23:00",32.3310566,-96.62079159999999,+14793589274,https://locations.7brew.com/tx/ennis/702-east-ennis-avenue,2026-09-09
5001 N Tarrant Pkwy,Fort Worth,TX,76244,"Mo,Tu,We,Th,Su 05:30-22:00 | Fr,Sa 05:30-23:00",32.894568,-97.275824,+16827303644,https://locations.7brew.com/tx/fort-worth/5001-n-tarrant-pkwy,2026-09-09
12909 Main Street,Frisco,TX,75035,"Mo,Tu,We,Th,Fr,Sa,Su 05:30-23:00",33.1519012,-96.7663905,+14793589274,https://locations.7brew.com/tx/frisco/12909-main-street,2026-09-09
403 W US Highway 82,Gainesville,TX,76240,"Mo,Tu,We,Th,Su 05:30-22:00 | Fr,Sa 05:30-23:00",33.6408556,-97.1485755,+14793589274,https://locations.7brew.com/tx/gainesville/403-w-us-highway-82,2026-09-09
2302 Main Street,Gatesville,TX,76528,"Mo,Tu,We,Th,Su 05:30-22:00 | Fr,Sa 05:30-23:00",31.4338592,-97.7316365,+14793589274,https://locations.7brew.com/tx/gatesville/2302-main-street,2026-09-09
955 US-377,Granbury,TX,76049,"Mo,Tu,We,Th,Su 05:30-22:00 | Fr,Sa 05:30-23:00",32.49817479,-97.65346971,+14793589274,https://locations.7brew.com/tx/granbury/955-us-377,2026-09-09
2830 S State HWY 161,Grand Prairie,TX,75052,"Mo,Tu,We,Th,Fr,Sa,Su 05:30-23:00",32.704109,-97.023606,+19458996955,https://locations.7brew.com/tx/grand-prairie/2830-s-state-hwy-161,2026-09-09
6898 Wesley Street,Greenville,TX,75402,"Mo,Tu,We,Th,Su 05:30-22:00 | Fr,Sa 05:30-23:00",33.0996863,-96.11025649999999,+14793589274,https://locations.7brew.com/tx/greenville/6898-wesley-street,2026-09-09
721 Fairpark Drive,Henderson,TX,75654,"Mo,Tu,We,Th,Su 05:30-22:00 | Fr,Sa 05:30-23:00",32.1466465,-94.7908056,+14793589274,https://locations.7brew.com/tx/henderson/721-fairpark-drive,2026-09-09
12430 Tomball Pkwy,Houston,TX,77086,"Mo,Tu,We,Th,Su 05:30-22:00 | Fr,Sa 05:30-23:00",29.9109145,-95.4786141,+14793589274,https://locations.7brew.com/tx/houston/12430-tomball-pkwy,2026-09-09
7071 Hwy 6 N,Houston,TX,77095,"Mo,Tu,We,Th,Su 05:30-22:00 | Fr,Sa 05:30-23:00",29.8811519,-95.6460052,+14793589274,https://locations.7brew.com/tx/houston/7071-hwy-6-n,2026-09-09
1718A 11th St,Huntsville,TX,77340,"Mo,Tu,We,Th,Su 05:30-22:00 | Fr,Sa 05:30-23:00",30.72059059999999,-95.5618763,+14793589274,https://locations.7brew.com/tx/huntsville/1718a-11th-st,2026-09-09
703 S Jackson St,Jacksonville,TX,75766,"Mo,Tu,We,Th,Su 05:30-22:00 | Fr,Sa 05:30-23:00",31.9582658,-95.26836209999999,+14793589274,https://locations.7brew.com/tx/jacksonville/703-s-jackson-st,2026-09-09
914 N Kilgore St,Kilgore,TX,75662,"Mo,Tu,We,Th,Su 05:30-22:00 | Fr,Sa 05:30-23:00",32.3900413,-94.8701429,+14793589274,https://locations.7brew.com/tx/kilgore/914-n-kilgore-st,2026-09-09
3008 West Stan Schlueter Loop,Killeen,TX,76549,"Mo,Tu,We,Th,Su 05:30-22:00 | Fr,Sa 05:30-23:00",31.0843155,-97.7826795,+14793589274,https://locations.7brew.com/tx/killeen/3008-west-stan-schlueter-loop,2026-09-09
3011 Farm to Market Road 1764,La Marque,TX,77568,"Mo,Tu,We,Th,Su 05:30-22:00 | Fr,Sa 05:30-23:00",29.39965699999999,-95.03590349999999,+14793589274,https://locations.7brew.com/tx/la-marque/3011-farm-to-market-road-1764,2026-09-09
108 W Highway 332,Lake Jackson,TX,77566,"Mo,Tu,We,Th,Su 05:30-22:00 | Fr,Sa 05:30-23:00",29.0480848,-95.4581055,+14793589274,https://locations.7brew.com/tx/lake-jackson/108-w-highway-332,2026-09-09
1502 East Saunders Street,Laredo,TX,78041,"Mo,Tu,We,Th,Su 05:30-23:00 | Fr,Sa 05:30-23:59",27.5310929,-99.48095450000001,+14793589274,https://locations.7brew.com/tx/laredo/1502-east-saunders-street,2026-09-09
202 West Del Mar Boulevard,Laredo,TX,78041,"Mo,Tu,We,Th,Su 05:30-23:00 | Fr,Sa 05:30-23:59",27.568021,-99.49894,+14793589274,https://locations.7brew.com/tx/laredo/202-west-del-mar-boulevard,2026-09-09
19386 Ronald Reagan Boulevard,Leander,TX,78628,"Mo,Tu,We,Th,Su 05:30-22:00 | Fr,Sa 05:30-23:00",30.635477,-97.826984,+14793589274,https://locations.7brew.com/tx/leander/19386-ronald-reagan-boulevard,2026-09-09
323 Texas 114,Levelland,TX,79336,"Mo,Tu,We,Th,Su 05:30-22:00 | Fr,Sa 05:30-23:00",33.5942733,-102.3629409,+14793589274,https://locations.7brew.com/tx/levelland/323-texas-114,2026-09-09
2725 Little Elm Parkway,Little Elm,TX,75068,"Mo,Tu,We,Th,Su 05:30-22:00 | Fr,Sa 05:30-23:00",33.168548,-96.8907473,+14793589274,https://locations.7brew.com/tx/little-elm/2725-little-elm-parkway,2026-09-09
1700 West Church Street,Livingston,TX,77351,"Mo,Tu,We,Th,Su 05:30-22:00 | Fr,Sa 05:30-23:00",30.7159213,-94.95740860000001,+14793589274,https://locations.7brew.com/tx/livingston/1700-west-church-street,2026-09-09
3611 McCann Rd,Longview,TX,75605-5309,"Mo,Tu,We,Th,Su 05:30-22:00 | Fr,Sa 05:30-23:00",32.541769,-94.754763,+19038034804,https://locations.7brew.com/tx/longview/3611-mccann-rd,2026-09-09
12902 Indiana Ave,Lubbock,TX,79423,"Mo,Tu,We,Th,Su 05:30-22:00 | Fr,Sa 05:30-23:00",33.4769239,-101.888434,+14793589274,https://locations.7brew.com/tx/lubbock/12902-indiana-ave,2026-09-09
1415 University Ave,Lubbock,TX,79401-3611,"Mo,Tu,We,Th,Su 05:30-22:00 | Fr,Sa 05:30-23:00",33.581959,-101.87027,+18067583501,https://locations.7brew.com/tx/lubbock/1415-university-ave,2026-09-09
6821 Slide Rd,Lubbock,TX,79424-1517,"Mo,Tu,We,Th,Su 05:30-22:00 | Fr,Sa 05:30-23:00",33.5315895,-101.9218466,+18068536303,https://locations.7brew.com/tx/lubbock/6821-slide-rd,2026-09-09
7403 Milwaukee Ave,Lubbock,TX,79424,"Mo,Tu,We,Th,Su 05:30-22:00 | Fr,Sa 05:30-23:00",33.5265272,-101.9569081,+18067583504,https://locations.7brew.com/tx/lubbock/7403-milwaukee-ave,2026-09-09
202 South Timberland Drive,Lufkin,TX,75901,"Mo,Tu,We,Th,Su 05:30-22:00 | Fr,Sa 05:30-23:00",31.334783,-94.71942299999999,+14793589274,https://locations.7brew.com/tx/lufkin/202-south-timberland-drive,2026-09-09
119 South Lhs Drive,Lumberton,TX,77657,"Mo,Tu,We,Th,Su 05:30-22:00 | Fr,Sa 05:30-23:00",30.2522869,-94.2152031,+14793589274,https://locations.7brew.com/tx/lumberton/119-south-lhs-drive,2026-09-09
13353 FM 1488,Magnolia,TX,77354,"Mo,Tu,We,Th,Su 05:30-22:00 | Fr,Sa 05:30-23:00",30.2226617,-95.6770196,+14793589274,https://locations.7brew.com/tx/magnolia/13353-fm-1488,2026-09-09
11830 E US 290,Manor,TX,78653,"Mo,Tu,We,Th,Su 05:30-22:00 | Fr,Sa 05:30-23:00",30.3497635,-97.5443638,+14793589274,https://locations.7brew.com/tx/manor/11830-e-us-290,2026-09-09
1780 FM157,Mansfield,TX,76063-3922,"Mo,Tu,We,Th,Fr,Sa,Su 05:30-23:00",32.598641,-97.14568,+16828684324,https://locations.7brew.com/tx/mansfield/1780-fm157,2026-09-09
100 East End Boulevard South,Marshall,TX,75670,"Mo,Tu,We,Th,Su 05:30-22:00 | Fr,Sa 05:30-23:00",32.5445782,-94.34963370000001,+14793589274,https://locations.7brew.com/tx/marshall/100-east-end-boulevard-south,2026-09-09
1510 West University Drive,McKinney,TX,75069,"Mo,Tu,We,Th,Fr,Sa,Su 05:30-23:00",33.2166065,-96.6276256,+14793589274,https://locations.7brew.com/tx/mckinney/1510-west-university-drive,2026-09-09
2201 W Texas Ave,Midland,TX,79701,"Mo,Tu,We,Th,Su 05:30-22:00 | Fr,Sa 05:30-23:00",31.994244,-102.098533,+14793589274,https://locations.7brew.com/tx/midland/2201-w-texas-ave,2026-09-09
3316 W Loop 250,Midland,TX,79707,"Mo,Tu,We,Th,Su 05:30-22:00 | Fr,Sa 05:30-23:00",32.033796,-102.1313088,+14793589274,https://locations.7brew.com/tx/midland/3316-w-loop-250,2026-09-09
6403 W Hwy 158,Midland,TX,79707,"Mo,Tu,We,Th,Su 05:30-22:00 | Fr,Sa 05:30-23:00",31.995538,-102.171738,+14793589274,https://locations.7brew.com/tx/midland/6403-w-hwy-158,2026-09-09
2801B U.S. 180,Mineral Wells,TX,76067,"Mo,Tu,We,Th,Su 05:30-22:00 | Fr,Sa 05:30-23:00",32.8103975,-98.0877011,+14793589274,https://locations.7brew.com/tx/mineral-wells/2801b-u.s.-180,2026-09-09
101 South Shary Road,Mission,TX,78572,"Mo,Tu,We,Th,Su 05:30-22:00 | Fr,Sa 05:30-23:00",26.200999,-98.2870525,+14793589274,https://locations.7brew.com/tx/mission/101-south-shary-road,2026-09-09
10026 Hwy 6,Missouri City,TX,77459,"Mo,Tu,We,Th,Su 05:30-22:00 | Fr,Sa 05:30-23:00",29.5325718,-95.51274959999999,+14793589274,https://locations.7brew.com/tx/missouri-city/10026-hwy-6,2026-09-09
2410 South Jefferson Avenue,Mount Pleasant,TX,75455,"Mo,Tu,We,Th,Su 05:30-22:00 | Fr,Sa 05:30-23:00",33.1322748,-94.9685599,+14793589274,https://locations.7brew.com/tx/mount-pleasant/2410-south-jefferson-avenue,2026-09-09
1364 E 8th St,Odessa,TX,79761,"Mo,Tu,We,Th,Su 05:30-22:00 | Fr,Sa 05:30-23:00",31.8585925,-102.3556103,+14793589274,https://locations.7brew.com/tx/odessa/1364-e-8th-st,2026-09-09
3838 Andrews Hwy,Odessa,TX,79762-5502,"Mo,Tu,We,Th,Su 05:30-22:00 | Fr,Sa 05:30-23:00",31.882092,-102.384422,+14324446643,https://locations.7brew.com/tx/odessa/3838-andrews-hwy,2026-09-09
4001 N. Grandview Ave,Odessa,TX,79762,"Mo,Tu,We,Th,Su 05:30-22:00 | Fr,Sa 05:30-23:00",31.888489,-102.351887,+14324445947,https://locations.7brew.com/tx/odessa/4001-n.-grandview-ave,2026-09-09
3131 North 16th Street,Orange,TX,77630,"Mo,Tu,We,Th,Su 05:30-22:00 | Fr,Sa 05:30-23:00",30.1197112,-93.74782929999999,+14793589274,https://locations.7brew.com/tx/orange/3131-north-16th-street,2026-09-09
1711 Texas 256 Loop,Palestine,TX,75801,"Mo,Tu,We,Th,Su 05:30-22:00 | Fr,Sa 05:30-23:00",31.738072,-95.607425,+14793589274,https://locations.7brew.com/tx/palestine/1711-texas-256-loop,2026-09-09
1050 North Hobart Street,Pampa,TX,79065,"Mo,Tu,We,Th,Su 05:30-22:00 | Fr,Sa 05:30-23:00",35.5437559,-100.9716506,+14793589274,https://locations.7brew.com/tx/pampa/1050-north-hobart-street,2026-09-09
4800 Fairmont Parkway,Pasadena,TX,77505,"Mo,Tu,We,Th,Su 05:30-22:00 | Fr,Sa 05:30-23:00",29.6494865,-95.1712823,+14793589274,https://locations.7brew.com/tx/pasadena/4800-fairmont-parkway,2026-09-09
1101 South Jackson Road,Pharr,TX,78577,"Mo,Tu,We,Th,Su 05:30-22:00 | Fr,Sa 05:30-23:00",26.186036,-98.205637,+19565865621,https://locations.7brew.com/tx/pharr/1101-south-jackson-road,2026-09-09
3209 Olton Road,Plainview,TX,79072,"Mo,Tu,We,Th,Su 05:30-22:00 | Fr,Sa 05:30-23:00",34.185168,-101.742804,+14793589274,https://locations.7brew.com/tx/plainview/3209-olton-road,2026-09-09
506 W Mansfield St,Pleasanton,TX,78064,"Mo,Tu,We,Th,Su 05:30-22:00 | Fr,Sa 05:30-23:00",28.957526,-98.489505,+14793589274,https://locations.7brew.com/tx/pleasanton/506-w-mansfield-st,2026-09-09
1030 California Drive,Portland,TX,78374,"Mo,Tu,We,Th,Su 05:30-22:00 | Fr,Sa 05:30-23:00",27.8967983,-97.3047465,+14793589274,https://locations.7brew.com/tx/portland/1030-california-drive,2026-09-09
129 E Ovilla Rd,Red Oak,TX,75154,"Mo,Tu,We,Th,Su 05:30-22:00 | Fr,Sa 05:30-23:00",32.5312945,-96.8140041,+14793589274,https://locations.7brew.com/tx/red-oak/129-e-ovilla-rd,2026-09-09
4550 East US Highway 83,Rio Grande City,TX,78582,"Mo,Tu,We,Th,Su 05:30-22:00 | Fr,Sa 05:30-23:00",26.3674189,-98.7946605,+14793589274,https://locations.7brew.com/tx/rio-grande-city/4550-east-us-highway-83,2026-09-09
2130 E Palm Valley Blvd,Round Rock,TX,78665,"Mo,Tu,We,Th,Su 05:30-22:00 | Fr,Sa 05:30-23:00",30.519036,-97.65261199999999,+14793589274,https://locations.7brew.com/tx/round-rock/2130-e-palm-valley-blvd,2026-09-09
604 S Saginaw Blvd,Saginaw,TX,76179,"Mo,Tu,We,Th,Su 05:30-22:00 | Fr,Sa 05:30-23:00",32.852756,-97.361206,+16827107217,https://locations.7brew.com/tx/saginaw/604-s-saginaw-blvd,2026-09-09
1480 Knickerbocker,San Angelo,TX,76904,"Mo,Tu,We,Th,Su 05:30-22:00 | Fr,Sa 05:30-23:00",31.4328059,-100.4541202,+14793589274,https://locations.7brew.com/tx/san-angelo/1480-knickerbocker,2026-09-09
402 N Bryant Blvd,San Angelo,TX,76903,"Mo,Tu,We,Th,Su 05:30-22:00 | Fr,Sa 05:30-23:00",31.46587,-100.445449,+14793589274,https://locations.7brew.com/tx/san-angelo/402-n-bryant-blvd,2026-09-09
5875 Sherwood Way,San Angelo,TX,76901,"Mo,Tu,We,Th,Su 05:30-22:00 | Fr,Sa 05:30-23:00",31.4252988,-100.515054,+14793589274,https://locations.7brew.com/tx/san-angelo/5875-sherwood-way,2026-09-09
14118 Culebra Rd,San Antonio,TX,78254,"Mo,Tu,We,Th,Su 05:30-22:00 | Fr,Sa 05:30-23:00",29.5181075,-98.7757467,+14793589274,https://locations.7brew.com/tx/san-antonio/14118-culebra-rd,2026-09-09
2630 SE Military Dr,San Antonio,TX,78235,"Mo,Tu,We,Th,Su 05:30-22:00 | Fr,Sa 05:30-23:00",29.3512217,-98.451355,+14793589274,https://locations.7brew.com/tx/san-antonio/2630-se-military-dr,2026-09-09
6202 Interstate 35,San Antonio,TX,78218,"Mo,Tu,We,Th,Su 05:30-22:00 | Fr,Sa 05:30-23:00",29.4847978,-98.40224699999999,+12105128628,https://locations.7brew.com/tx/san-antonio/6202-interstate-35,2026-09-09
9219 Potranco Rd,San Antonio,TX,78251,"Mo,Tu,We,Th,Su 05:30-22:00 | Fr,Sa 05:30-23:00",29.4429088,-98.666081,+14793589274,https://locations.7brew.com/tx/san-antonio/9219-potranco-rd,2026-09-09
1645 West Chapman Road,Sanger,TX,76266,"Mo,Tu,We,Th,Su 05:30-22:00 | Fr,Sa 05:30-23:00",33.3673102,-97.18285689999999,+14793589274,https://locations.7brew.com/tx/sanger/1645-west-chapman-road,2026-09-09
3700 College Avenue,Snyder,TX,79549,"Mo,Tu,We,Th,Su 05:30-22:00 | Fr,Sa 05:30-23:00",32.7044056,-100.9188397,+14793589274,https://locations.7brew.com/tx/snyder/3700-college-avenue,2026-09-09
21410 Kuykendahl Rd,Spring,TX,77379,"Mo,Tu,We,Th,Su 05:30-22:00 | Fr,Sa 05:30-23:00",30.0787066,-95.51772249999999,+14793589274,https://locations.7brew.com/tx/spring/21410-kuykendahl-rd,2026-09-09
2761 West Washington Street,Stephenville,TX,76401,"Mo,Tu,We,Th,Su 05:30-22:00 | Fr,Sa 05:30-23:00",32.2055061,-98.2358187,+14793589274,https://locations.7brew.com/tx/stephenville/2761-west-washington-street,2026-09-09
1918 South 31st Street,Temple,TX,76504,"Mo,Tu,We,Th,Su 05:30-22:00 | Fr,Sa 05:30-23:00",31.0817587,-97.36505129999999,+14793589274,https://locations.7brew.com/tx/temple/1918-south-31st-street,2026-09-09
2630 Richmond Rd,Texarkana,TX,75503,"Mo,Tu,We,Th,Su 05:30-22:00 | Fr,Sa 05:30-23:00",33.4595875,-94.0891742,+14793589274,https://locations.7brew.com/tx/texarkana/2630-richmond-rd,2026-09-09
3231 Palmer Highway,Texas City,TX,77590,"Mo,Tu,We,Th,Su 05:30-22:00 | Fr,Sa 05:30-23:00",29.3946221,-94.9443941,+14793589274,https://locations.7brew.com/tx/texas-city/3231-palmer-highway,2026-09-09
28435 Texas 249,Tomball,TX,77375,"Mo,Tu,We,Th,Su 05:30-22:00 | Fr,Sa 05:30-23:00",30.0877498,-95.63224029999999,+14793589274,https://locations.7brew.com/tx/tomball/28435-texas-249,2026-09-09
101 Cambridge Rd,Tyler,TX,75703,"Mo,Tu,We,Th,Su 05:30-22:00 | Fr,Sa 05:30-23:00",32.2640188,-95.3068096,+19039913929,https://locations.7brew.com/tx/tyler/101-cambridge-rd,2026-09-09
1753 South Southwest Loop 323,Tyler,TX,75709,"Mo,Tu,We,Th,Su 05:30-22:00 | Fr,Sa 05:30-23:00",32.3302348,-95.341627,+14793589274,https://locations.7brew.com/tx/tyler/1753-south-southwest-loop-323,2026-09-09
1812 E SE Loop 323,Tyler,TX,75703,"Mo,Tu,We,Th,Su 05:30-22:00 | Fr,Sa 05:30-23:00",32.309532,-95.2783823,+14793589274,https://locations.7brew.com/tx/tyler/1812-e-se-loop-323,2026-09-09
4020 S Broadway,Tyler,TX,75701,"Mo,Tu,We,Th,Su 05:30-22:00 | Fr,Sa 05:30-23:00",32.3060807,-95.3002069,+14793589274,https://locations.7brew.com/tx/tyler/4020-s-broadway,2026-09-09
510 South Southeast Loop 323,Tyler,TX,75702,"Mo,Tu,We,Th,Su 05:30-22:00 | Fr,Sa 05:30-23:00",32.3447739,-95.26623990000002,+14793589274,https://locations.7brew.com/tx/tyler/510-south-southeast-loop-323,2026-09-09
2901 Patbooker Rd,Universal City,TX,78148,"Mo,Tu,We,Th,Su 05:30-22:00 | Fr,Sa 05:30-23:00",29.5576437,-98.3211536,+12105128629,https://locations.7brew.com/tx/universal-city/2901-patbooker-rd,2026-09-09
6410 North Navarro Street,Victoria,TX,77904,"Mo,Tu,We,Th,Su 05:30-22:00 | Fr,Sa 05:30-23:00",28.8552417,-96.996585,+14793589274,https://locations.7brew.com/tx/victoria/6410-north-navarro-street,2026-09-09
1540 North Valley Mills Drive,Waco,TX,76710,"Mo,Tu,We,Th,Su 05:30-22:00 | Fr,Sa 05:30-23:00",31.5313245,-97.19507759999999,+14793589274,https://locations.7brew.com/tx/waco/1540-north-valley-mills-drive,2026-09-09
1780 North Highway 77,Waxahachie,TX,75165,"Mo,Tu,We,Th,Fr,Sa,Su 05:30-23:00",32.4324579,-96.837564,+14793589274,https://locations.7brew.com/tx/waxahachie/1780-north-highway-77,2026-09-09
1800 South Main Street,Weatherford,TX,76086,"Mo,Tu,We,Th,Su 05:30-22:00 | Fr,Sa 05:30-23:00",32.7357031,-97.79582889999999,+14793589274,https://locations.7brew.com/tx/weatherford/1800-south-main-street,2026-09-09
156 El Dorado Blvd,Webster,TX,77598,"Mo,Tu,We,Th,Su 05:30-22:00 | Fr,Sa 05:30-23:00",29.5548906,-95.1509486,+14793589274,https://locations.7brew.com/tx/webster/156-el-dorado-blvd,2026-09-09
2406 Piedmont Place,Wichita Falls,TX,76308,"Mo,Tu,We,Th,Su 05:30-22:00 | Fr,Sa 05:30-23:00",33.8822932,-98.52820419999999,+14793589274,https://locations.7brew.com/tx/wichita-falls/2406-piedmont-place,2026-09-09
2730 SW Pkwy,Wichita Falls,TX,76308,"Mo,Tu,We,Th,Su 05:30-22:00 | Fr,Sa 05:30-23:00",33.85810980000001,-98.535232,+19405575645,https://locations.7brew.com/tx/wichita-falls/2730-sw-pkwy,2026-09-09
877 E 4500 S,Millcreek,UT,84107,"Mo,Tu,We,Th,Su 05:30-22:00 | Fr,Sa 05:30-23:00",40.674622,-111.86632,+14793589274,https://locations.7brew.com/ut/millcreek/877-e-4500-s,2026-09-09
790 South 930 West Street,Payson,UT,84651,"Mo,Tu,We,Th,Su 05:30-22:00 | Fr,Sa 05:30-23:00",40.03159600000001,-111.7488665,+14793589274,https://locations.7brew.com/ut/payson/790-south-930-west-street,2026-09-09
2298 N University Pkwy,Provo,UT,84604,"Mo,Tu,We,Th,Su 05:30-22:00 | Fr,Sa 05:30-23:00",40.265281,-111.669683,+14793589274,https://locations.7brew.com/ut/provo/2298-n-university-pkwy,2026-09-09
4004 West 13400 South,Riverton,UT,84096,"Mo,Tu,We,Th,Su 05:30-22:00 | Fr,Sa 05:30-23:00",40.5082522,-111.9861303,+14793589274,https://locations.7brew.com/ut/riverton/4004-west-13400-south,2026-09-09
3030 East Panther Way,St. George,UT,84790,"Mo,Tu,We,Th,Su 05:30-22:00 | Fr,Sa 05:30-23:00",37.1207547,-113.5211511,+14793589274,https://locations.7brew.com/ut/st.-george/3030-east-panther-way,2026-09-09
3320 S 5600 West,West Valley,UT,84120,"Mo,Tu,We,Th,Su 05:30-22:00 | Fr,Sa 05:30-23:00",40.6999207,-112.0253506,+14793589274,https://locations.7brew.com/ut/west-valley/3320-s-5600-west,2026-09-09
709 England Street,Ashland,VA,23005,"Mo,Tu,We,Th,Su 05:30-22:00 | Fr,Sa 05:30-23:00",37.7579405,-77.4686497,+14793589274,https://locations.7brew.com/va/ashland/709-england-street,2026-09-09
2200 N Franklin St,Christiansburg,VA,24073,"Mo,Tu,We,Th,Su 05:30-22:00 | Fr,Sa 05:30-23:00",37.159213,-80.421603,+14793589274,https://locations.7brew.com/va/christiansburg/2200-n-franklin-st,2026-09-09
660 Southpark Boulevard,Colonial Heights,VA,23834,"Mo,Tu,We,Th,Su 05:30-22:00 | Fr,Sa 05:30-23:00",37.2561196,-77.3944124,+14793589274,https://locations.7brew.com/va/colonial-heights/660-southpark-boulevard,2026-09-09
3211 Riverside Drive,Danville,VA,24541,"Mo,Tu,We,Th,Su 05:30-22:00 | Fr,Sa 05:30-23:00",36.5851967,-79.42426929999999,+14793589274,https://locations.7brew.com/va/danville/3211-riverside-drive,2026-09-09
1746 E Market St,Harrisonburg,VA,22801,"Mo,Tu,We,Th,Su 05:30-22:00 | Fr,Sa 05:30-23:00",38.432625,-78.843405,+14793589274,https://locations.7brew.com/va/harrisonburg/1746-e-market-st,2026-09-09
2391 South Main Street,Harrisonburg,VA,22801,"Mo,Tu,We,Th,Su 05:30-22:00 | Fr,Sa 05:30-23:00",38.4201462,-78.8939182,+14793589274,https://locations.7brew.com/va/harrisonburg/2391-south-main-street,2026-09-09
3403 Candlers Mountain Road,Lynchburg,VA,24502,"Mo,Tu,We,Th,Su 05:30-22:00 | Fr,Sa 05:30-23:00",37.3666728,-79.1750021,+14793589274,https://locations.7brew.com/va/lynchburg/3403-candlers-mountain-road,2026-09-09
7719 Timberlane Rd,Lynchburg,VA,24502,"Mo,Tu,We,Th,Su 05:30-22:00 | Fr,Sa 05:30-23:00",37.353729,-79.225035,+14793589274,https://locations.7brew.com/va/lynchburg/7719-timberlane-rd,2026-09-09
10200 Hull Street Road,Midlothian,VA,23112,"Mo,Tu,We,Th,Su 05:30-22:00 | Fr,Sa 05:30-23:00",37.442889,-77.584873,+14793589274,https://locations.7brew.com/va/midlothian/10200-hull-street-road,2026-09-09
11 Le Gordon Dr,Midlothian,VA,23114,"Mo,Tu,We,Th,Su 05:30-22:00 | Fr,Sa 05:30-23:00",37.5056108,-77.66202799999999,+14793589274,https://locations.7brew.com/va/midlothian/11-le-gordon-dr,2026-09-09
11601 Midlothian Turnpike,Midlothian,VA,23113,"Mo,Tu,We,Th,Su 05:30-22:00 | Fr,Sa 05:30-23:00",37.504605,-77.61185,+14793589274,https://locations.7brew.com/va/midlothian/11601-midlothian-turnpike,2026-09-09
5018 Mercury Blvd,Newport News,VA,23605,"Mo,Tu,We,Th,Su 05:30-22:00 | Fr,Sa 05:30-23:00",37.0209144,-76.4425506,+19486662196,https://locations.7brew.com/va/newport-news/5018-mercury-blvd,2026-09-09
1033 Frederick Blvd,Portsmouth,VA,23707,"Mo,Tu,We,Th,Su 05:30-22:00 | Fr,Sa 05:30-23:00",36.8306337,-76.3402378,+14793589274,https://locations.7brew.com/va/portsmouth/1033-frederick-blvd,2026-09-09
1229 West Main Street,Salem,VA,24153,"Mo,Tu,We,Th,Su 05:30-22:00 | Fr,Sa 05:30-23:00",37.2901902,-80.0771844,+14793589274,https://locations.7brew.com/va/salem/1229-west-main-street,2026-09-09
969 Chimney Hill Shopping Center,Virginia Beach,VA,23452,"Mo,Tu,We,Th,Su 05:30-22:00 | Fr,Sa 05:30-23:00",36.8135323,-76.1005007,+14793589274,https://locations.7brew.com/va/virginia-beach/969-chimney-hill-shopping-center,2026-09-09
W3236 County Highway KK,Appleton,WI,54915,"Mo,Tu,We,Th,Su 05:30-22:00 | Fr,Sa 05:30-23:00",44.2442328,-88.350984,+14793589274,https://locations.7brew.com/wi/appleton/w3236-county-highway-kk,2026-09-09
2162 Monroe Rd,Bellevue,WI,54115,"Mo,Tu,We,Th,Su 05:30-22:00 | Fr,Sa 05:30-23:00",44.462414,-87.98632200000002,+14793589274,https://locations.7brew.com/wi/bellevue/2162-monroe-rd,2026-09-09
1010 S Moorland Rd,Brookfield,WI,53005,"Mo,Tu,We,Th,Su 05:30-22:00 | Fr,Sa 05:30-23:00",43.0209602,-88.1063246,+12629992072,https://locations.7brew.com/wi/brookfield/1010-s-moorland-rd,2026-09-09
1738 East Geneva Street,Delavan,WI,53115,"Mo,Tu,We,Th,Su 05:30-22:00 | Fr,Sa 05:30-23:00",42.6277669,-88.61401289999999,+14793589274,https://locations.7brew.com/wi/delavan/1738-east-geneva-street,2026-09-09
2405 North Clairemont,Eau Claire,WI,54703,"Mo,Tu,We,Th,Su 05:30-22:00 | Fr,Sa 05:30-23:00",44.824272,-91.543639,+14793589274,https://locations.7brew.com/wi/eau-claire/2405-north-clairemont,2026-09-09
3702 Gateway Drive,Eau Claire,WI,54701,"Mo,Tu,We,Th,Su 05:30-22:00 | Fr,Sa 05:30-23:00",44.7778408,-91.43213279999999,+14793589274,https://locations.7brew.com/wi/eau-claire/3702-gateway-drive,2026-09-09
5265 North Port Washington Road,Glendale,WI,53217,"Mo,Tu,We,Th,Su 05:30-22:00 | Fr,Sa 05:30-23:00",43.1131154,-87.917139,+14793589274,https://locations.7brew.com/wi/glendale/5265-north-port-washington-road,2026-09-09
3305 W College Ave,Grand Chute,WI,54914,"Mo,Tu,We,Th,Su 05:30-22:00 | Fr,Sa 05:30-23:00",44.2611219,-88.4576222,+14793589274,https://locations.7brew.com/wi/grand-chute/3305-w-college-ave,2026-09-09
2425 West Mason Street,Green Bay,WI,54303,"Mo,Tu,We,Th,Su 05:30-22:00 | Fr,Sa 05:30-23:00",44.5235817,-88.0905647,+14793589274,https://locations.7brew.com/wi/green-bay/2425-west-mason-street,2026-09-09
4706 75th St,Kenosha,WI,53142,"Mo,Tu,We,Th,Su 05:30-22:00 | Fr,Sa 05:30-23:00",42.566619,-87.865274,+14793589274,https://locations.7brew.com/wi/kenosha/4706-75th-st,2026-09-09
3710 State Road 16,La Crosse,WI,54601,"Mo,Tu,We,Th,Su 05:30-22:00 | Fr,Sa 05:30-23:00",43.868185,-91.199125,,https://locations.7brew.com/wi/la-crosse/3710-state-road-16,2026-09-09
3976 Mormon Coulee Rd,La Crosse,WI,54601,"Mo,Tu,We,Th,Su 05:30-22:00 | Fr,Sa 05:30-23:00",43.7742187,-91.2195122,+14793589274,https://locations.7brew.com/wi/la-crosse/3976-mormon-coulee-rd,2026-09-09
3915 Lien Road,Madison,WI,53714,"Mo,Tu,We,Th,Su 05:30-22:00 | Fr,Sa 05:30-23:00",,,+14793589274,https://locations.7brew.com/wi/madison/3915-lien-road,2026-09-09
1600 North Central Avenue,Marshfield,WI,54449,"Mo,Tu,We,Th,Su 05:30-22:00 | Fr,Sa 05:30-23:00",44.6817362,-90.16384719999999,+14793589274,https://locations.7brew.com/wi/marshfield/1600-north-central-avenue,2026-09-09
350 West Layton Avenue,Milwaukee,WI,53207,"Mo,Tu,We,Th,Su 05:30-22:00 | Fr,Sa 05:30-23:00",42.9596525,-87.9162782,+14793589274,https://locations.7brew.com/wi/milwaukee/350-west-layton-avenue,2026-09-09
3702 S 27th St,Milwaukee,WI,53221,"Mo,Tu,We,Th,Su 05:30-22:00 | Fr,Sa 05:30-23:00",42.9776812,-87.9478184,+14793589274,https://locations.7brew.com/wi/milwaukee/3702-s-27th-st,2026-09-09
6031 Regency West Dr,Mount Pleasant,WI,53406,"Mo,Tu,We,Th,Su 05:30-22:00 | Fr,Sa 05:30-23:00",42.701282,-87.853874,+14793589274,https://locations.7brew.com/wi/mount-pleasant/6031-regency-west-dr,2026-09-09
900 W Winneconne Ave,Neenah,WI,54956,"Mo,Tu,We,Th,Su 05:30-22:00 | Fr,Sa 05:30-23:00",44.1774448,-88.4827317,+14793589274,https://locations.7brew.com/wi/neenah/900-w-winneconne-ave,2026-09-09
2150 Omro Road,Oshkosh,WI,54904,"Mo,Tu,We,Th,Su 05:30-22:00 | Fr,Sa 05:30-23:00",44.0325738,-88.585154,+14793589274,https://locations.7brew.com/wi/oshkosh/2150-omro-road,2026-09-09
225419 Rib Mountain Dr,Rib Mountain,WI,54401,"Mo,Tu,We,Th,Su 05:30-22:00 | Fr,Sa 05:30-23:00",44.9135665,-89.64875169999999,+14793589274,https://locations.7brew.com/wi/rib-mountain/225419-rib-mountain-dr,2026-09-09
1680 South Main Street,West Bend,WI,53095,"Mo,Tu,We,Th,Su 05:30-22:00 | Fr,Sa 05:30-23:00",43.4002312,-88.1811911,+14793589274,https://locations.7brew.com/wi/west-bend/1680-south-main-street,2026-09-09
4050 Robert C Byrd Dr,Beckley,WV,25801,"Mo,Tu,We,Th,Su 05:30-22:00 | Fr,Sa 05:30-23:00",37.807518,-81.184653,+14793589274,https://locations.7brew.com/wv/beckley/4050-robert-c-byrd-dr,2026-09-09
2124 5th Ave,Huntington,WV,25703,"Mo,Tu,We,Th,Su 05:30-22:00 | Fr,Sa 05:30-23:00",38.4238819,-82.4200236,+14793589274,https://locations.7brew.com/wv/huntington/2124-5th-ave,2026-09-09
7 Chaplin Hl Rd,Morgantown,WV,26501,"Mo,Tu,We,Th,Su 05:30-22:00 | Fr,Sa 05:30-23:00",39.658073,-80.000961,+14793589274,https://locations.7brew.com/wv/morgantown/7-chaplin-hl-rd,2026-09-09
841 National Road,Wheeling,WV,26003,"Mo,Tu,We,Th,Su 05:30-22:00 | Fr,Sa 05:30-23:00",40.07706570000001,-80.69552759999999,+14793589274,https://locations.7brew.com/wv/wheeling/841-national-road,2026-09-09
3950 Denis Dr,Casper,WY,82604,"Mo,Tu,We,Th,Su 05:30-22:00 | Fr,Sa 05:30-23:00",42.82017,-106.368255,+14793589274,https://locations.7brew.com/wy/casper/3950-denis-dr,2026-09-09
1821 Dell Range Blvd,Cheyenne,WY,82009,"Mo,Tu,We,Th,Su 05:30-22:00 | Fr,Sa 05:30-23:00",41.159946,-104.796691,+14793589274,https://locations.7brew.com/wy/cheyenne/1821-dell-range-blvd,2026-09-09
1240 Coffeen Avenue,Sheridan,WY,82801,"Mo,Tu,We,Th,Su 05:30-22:00 | Fr,Sa 05:30-23:00",44.7849933,-106.94112,+14793589274,https://locations.7brew.com/wy/sheridan/1240-coffeen-avenue,2026-09-09
